source_file,source_integration,source_integration_code,source_integration_name,source_integration_version,invoke,call_type,target_integration_code,target_version,target_integration_name,resource_uri,adapter_code,application_name,error
FA_TAX_EPM_FTP_01.00.0001.iar.yaml,FA_TAX_EPM_FTP|01.00.0001,FA_TAX_EPM_FTP,FA_TAX_EPM_Monthly_TAX_LOAD,01.00.0001,FA_TAX_EPMrestupload(i2),Adapter_Invoke,,,,/interop/rest/11.1.2.3.600/applicationsnapshots/{file_name}/contents,ORACL_REST_EPM_CONNE_FA_TAX,FA_TAX_EPMrestupload,
FA_TAX_EPM_FTP_01.00.0001.iar.yaml,FA_TAX_EPM_FTP|01.00.0001,FA_TAX_EPM_FTP,FA_TAX_EPM_Monthly_TAX_LOAD,01.00.0001,ftp_location(i0),Adapter_Invoke,,,,,ORCL-BRT-FTP_CONN,ftp_location,
FA_TAX_EPM_LOC_CAT_LOAD_01.00.0001.iar.yaml,FA_TAX_EPM_LOC_CAT_LOAD|01.00.0001,FA_TAX_EPM_LOC_CAT_LOAD,FA_TAX_EPM_LOC-CAT_LOAD,01.00.0001,FA_TAX_EPMrestupload(i2),Adapter_Invoke,,,,/interop/rest/11.1.2.3.600/applicationsnapshots/{file_name}/contents,ORACL_REST_EPM_CONNE_FA_TAX,FA_TAX_EPMrestupload,
FA_TAX_EPM_LOC_CAT_LOAD_01.00.0001.iar.yaml,FA_TAX_EPM_LOC_CAT_LOAD|01.00.0001,FA_TAX_EPM_LOC_CAT_LOAD,FA_TAX_EPM_LOC-CAT_LOAD,01.00.0001,ftp_location(i0),Adapter_Invoke,,,,,ORCL-BRT-FTP_CONN,ftp_location,
FTP_HCM_EPM_FILE_UPLOAD_01.00.0001.iar.yaml,FTP_HCM_EPM_FILE_UPLOAD|01.00.0001,FTP_HCM_EPM_FILE_UPLOAD,FTP HCM EPM File Upload,01.00.0001,epm_rest_upload(i1),Adapter_Invoke,,,,/interop/rest/11.1.2.3.600/applicationsnapshots/{file_name}/contents,ORCL-BRT-REST-EPM_CONNECTION,epm_rest_upload,
FTP_HCM_EPM_FILE_UPLOAD_01.00.0001.iar.yaml,FTP_HCM_EPM_FILE_UPLOAD|01.00.0001,FTP_HCM_EPM_FILE_UPLOAD,FTP HCM EPM File Upload,01.00.0001,ftp_location(i0),Adapter_Invoke,,,,,ORCL-BRT-FTP_CONN,ftp_location,
FTP_HCM_EPM_FILE_UPLOA_PROJE_01.00.0001.iar.yaml,FTP_HCM_EPM_FILE_UPLOA_PROJE|01.00.0001,FTP_HCM_EPM_FILE_UPLOA_PROJE,FTP HCM EPM File Upload_Projects,01.00.0001,epm_rest_upload(i1),Adapter_Invoke,,,,/interop/rest/11.1.2.3.600/applicationsnapshots/{file_name}/contents,ORACLE_REST_EPM_CONNEC_PROJEC,epm_rest_upload,
FTP_HCM_EPM_FILE_UPLOA_PROJE_01.00.0001.iar.yaml,FTP_HCM_EPM_FILE_UPLOA_PROJE|01.00.0001,FTP_HCM_EPM_FILE_UPLOA_PROJE,FTP HCM EPM File Upload_Projects,01.00.0001,ftp_location(i0),Adapter_Invoke,,,,,ORCL-BRT-FTP_CONN,ftp_location,
FTP_PPM_EPM_FILE_UPLOAD_01.00.0001.iar.yaml,FTP_PPM_EPM_FILE_UPLOAD|01.00.0001,FTP_PPM_EPM_FILE_UPLOAD,FTP PPM EPM File Upload,01.00.0001,epm_rest_upload(i1),Adapter_Invoke,,,,/interop/rest/11.1.2.3.600/applicationsnapshots/{file_name}/contents,ORACLE_REST_EPM_CONNEC_PROJEC,epm_rest_upload,
FTP_PPM_EPM_FILE_UPLOAD_01.00.0001.iar.yaml,FTP_PPM_EPM_FILE_UPLOAD|01.00.0001,FTP_PPM_EPM_FILE_UPLOAD,FTP PPM EPM File Upload,01.00.0001,ftp_location(i0),Adapter_Invoke,,,,,ORCL-BRT-FTP_CONN,ftp_location,
ORAC_UTIL_FPRC_WACS_VEND_LOC__CL_02.22.3001.iar.yaml,ORAC_UTIL_FPRC_WACS_VEND_LOC__CL|02.22.3001,ORAC_UTIL_FPRC_WACS_VEND_LOC__CL,Oracle Utilities FPRC WACS Vendor Loc -CLEANNER,02.22.3001,GetFileFromUCM(i2),Adapter_Invoke,,,,,OUTL-BRT-SOAP-UCM_WACSFPRC,GetFileFromUCM,
ORAC_UTIL_FPRC_WACS_VEND_LOC__CL_02.22.3001.iar.yaml,ORAC_UTIL_FPRC_WACS_VEND_LOC__CL|02.22.3001,ORAC_UTIL_FPRC_WACS_VEND_LOC__CL,Oracle Utilities FPRC WACS Vendor Loc -CLEANNER,02.22.3001,Rename_ZipFile_UnzipFault(i5),Adapter_Invoke,,,,,OUTL-BRT-SOAP-UCM_WACSFPRC,Rename_ZipFile_UnzipFault,
ORAC_UTIL_FPRC_WACS_VEND_LOC__CL_02.22.3001.iar.yaml,ORAC_UTIL_FPRC_WACS_VEND_LOC__CL|02.22.3001,ORAC_UTIL_FPRC_WACS_VEND_LOC__CL,Oracle Utilities FPRC WACS Vendor Loc -CLEANNER,02.22.3001,renameFileInUCM(i4),Adapter_Invoke,,,,,OUTL-BRT-SOAP-UCM_WACSFPRC,renameFileInUCM,
ORAC_UTIL_FPRC_WACS_VEND_LOC__CL_02.22.3001.iar.yaml,ORAC_UTIL_FPRC_WACS_VEND_LOC__CL|02.22.3001,ORAC_UTIL_FPRC_WACS_VEND_LOC__CL,Oracle Utilities FPRC WACS Vendor Loc -CLEANNER,02.22.3001,searchVendorLocationFile(i0),Adapter_Invoke,,,,,OUTL-BRT-SOAP-UCM_WACSFPRC,searchVendorLocationFile,
OUTL-BA-FPRC_WACS_BC_SYNC_01.22.3000.iar.yaml,OUTL-BA-FPRC_WACS_BC_SYNC|01.22.3000,OUTL-BA-FPRC_WACS_BC_SYNC,Oracle Utilities FPRC WACS Blanket Contracts Sync,01.22.3000,GetFileFromUCM(i2),Adapter_Invoke,,,,,OUTL-BRT-SOAP-UCM_WACSFPRC,GetFileFromUCM,
OUTL-BA-FPRC_WACS_BC_SYNC_01.22.3000.iar.yaml,OUTL-BA-FPRC_WACS_BC_SYNC|01.22.3000,OUTL-BA-FPRC_WACS_BC_SYNC,Oracle Utilities FPRC WACS Blanket Contracts Sync,01.22.3000,InvokeWACSBCSync(i6),Adapter_Invoke,,,,https://us-phoenix-1.utilities-cloud.oracleindustry.com:443/c2g65p/prod/wac/rest/apis/asset/purchasing/blanketContractSynchronization/,OUTL-BRT-REST-WACS_WACSFPRC,InvokeWACSBCSync,
OUTL-BA-FPRC_WACS_BC_SYNC_01.22.3000.iar.yaml,OUTL-BA-FPRC_WACS_BC_SYNC|01.22.3000,OUTL-BA-FPRC_WACS_BC_SYNC,Oracle Utilities FPRC WACS Blanket Contracts Sync,01.22.3000,invokeWACS_HealthCheck(i0),Adapter_Invoke,,,,https://us-phoenix-1.utilities-cloud.oracleindustry.com:443/c2g65p/prod/wac/rest/apis/common/system/healthCheck/,OUTL-BRT-REST-WACS_WACSFPRC,invokeWACS_HealthCheck,
OUTL-BA-FPRC_WACS_BC_SYNC_01.22.3000.iar.yaml,OUTL-BA-FPRC_WACS_BC_SYNC|01.22.3000,OUTL-BA-FPRC_WACS_BC_SYNC,Oracle Utilities FPRC WACS Blanket Contracts Sync,01.22.3000,invoke_UOMConversionRest(i5),Adapter_Invoke,,,,,OUTL-BRT-ERPCLOUD_WACSFPRC,invoke_UOMConversionRest,
OUTL-BA-FPRC_WACS_BC_SYNC_01.22.3000.iar.yaml,OUTL-BA-FPRC_WACS_BC_SYNC|01.22.3000,OUTL-BA-FPRC_WACS_BC_SYNC,Oracle Utilities FPRC WACS Blanket Contracts Sync,01.22.3000,remaneFileInUCM(i4),Adapter_Invoke,,,,,OUTL-BRT-SOAP-UCM_WACSFPRC,remaneFileInUCM,
OUTL-BA-FPRC_WACS_BC_SYNC_01.22.3000.iar.yaml,OUTL-BA-FPRC_WACS_BC_SYNC|01.22.3000,OUTL-BA-FPRC_WACS_BC_SYNC,Oracle Utilities FPRC WACS Blanket Contracts Sync,01.22.3000,searchBlanketContractFile(i1),Adapter_Invoke,,,,,OUTL-BRT-SOAP-UCM_WACSFPRC,searchBlanketContractFile,
OUTL-BA-FPRC_WACS_VEND_LOC_SYNC_01.22.3000.iar.yaml,OUTL-BA-FPRC_WACS_VEND_LOC_SYNC|01.22.3000,OUTL-BA-FPRC_WACS_VEND_LOC_SYNC,Oracle Utilities FPRC WACS Vendor Locations Sync,01.22.3000,GetFileFromUCM(i2),Adapter_Invoke,,,,,OUTL-BRT-SOAP-UCM_WACSFPRC,GetFileFromUCM,
OUTL-BA-FPRC_WACS_VEND_LOC_SYNC_01.22.3000.iar.yaml,OUTL-BA-FPRC_WACS_VEND_LOC_SYNC|01.22.3000,OUTL-BA-FPRC_WACS_VEND_LOC_SYNC,Oracle Utilities FPRC WACS Vendor Locations Sync,01.22.3000,InvokeWACSVendorLocSync(i3),Adapter_Invoke,,,,https://us-phoenix-1.utilities-cloud.oracleindustry.com:443/c2g65p/prod/wac/rest/apis/asset/purchasing/vendorLocationSynchronization/,OUTL-BRT-REST-WACS_WACSFPRC,InvokeWACSVendorLocSync,
OUTL-BA-FPRC_WACS_VEND_LOC_SYNC_01.22.3000.iar.yaml,OUTL-BA-FPRC_WACS_VEND_LOC_SYNC|01.22.3000,OUTL-BA-FPRC_WACS_VEND_LOC_SYNC,Oracle Utilities FPRC WACS Vendor Locations Sync,01.22.3000,invokeHealthCheck(i1),Adapter_Invoke,,,,https://us-phoenix-1.utilities-cloud.oracleindustry.com:443/c2g65p/prod/wac/rest/apis/common/system/healthCheck/,OUTL-BRT-REST-WACS_WACSFPRC,invokeHealthCheck,
OUTL-BA-FPRC_WACS_VEND_LOC_SYNC_01.22.3000.iar.yaml,OUTL-BA-FPRC_WACS_VEND_LOC_SYNC|01.22.3000,OUTL-BA-FPRC_WACS_VEND_LOC_SYNC,Oracle Utilities FPRC WACS Vendor Locations Sync,01.22.3000,renameFileInUCM(i4),Adapter_Invoke,,,,,OUTL-BRT-SOAP-UCM_WACSFPRC,renameFileInUCM,
OUTL-BA-FPRC_WACS_VEND_LOC_SYNC_01.22.3000.iar.yaml,OUTL-BA-FPRC_WACS_VEND_LOC_SYNC|01.22.3000,OUTL-BA-FPRC_WACS_VEND_LOC_SYNC,Oracle Utilities FPRC WACS Vendor Locations Sync,01.22.3000,searchVendorLocationFile(i0),Adapter_Invoke,,,,,OUTL-BRT-SOAP-UCM_WACSFPRC,searchVendorLocationFile,
OUTL-BA-OFSC_WACS_ACTIVITY_STAT_01.22.3000.iar.yaml,OUTL-BA-OFSC_WACS_ACTIVITY_STAT|01.22.3000,OUTL-BA-OFSC_WACS_ACTIVITY_STAT,Oracle Utilities OFSC WACS Activity Interim Status,01.22.3000,UpdateInterimStatus(i0),Adapter_Invoke,,,,,OUTL-BRT-SOAP-WACS_WACSOFSC,UpdateInterimStatus,
OUTL-BA-OFSC_WACS_ACTIVITY_STAT_01.22.3000.iar.yaml,OUTL-BA-OFSC_WACS_ACTIVITY_STAT|01.22.3000,OUTL-BA-OFSC_WACS_ACTIVITY_STAT,Oracle Utilities OFSC WACS Activity Interim Status,01.22.3000,getActivityDetails(i1),Adapter_Invoke,,,,https://tsgt.fs.ocs.oraclecloud.com/rest/ofscCore/v1/activities/{activityId},OUTL-BRT-APP-OFSC_WACSOFSC,getActivityDetails,
OUTL-BA-OFSC_WACS_ASSET_QUERY_01.22.3000.iar.yaml,OUTL-BA-OFSC_WACS_ASSET_QUERY|01.22.3000,OUTL-BA-OFSC_WACS_ASSET_QUERY,Oracle Utilities OFSC WACS Asset Query,01.22.3000,AssetQuery(i0),Adapter_Invoke,,,,,OUTL-BRT-SOAP-WACS_WACSOFSC,AssetQuery,
OUTL-BA-OFSC_WACS_ASSET_QUERY_01.22.3000.iar.yaml,OUTL-BA-OFSC_WACS_ASSET_QUERY|01.22.3000,OUTL-BA-OFSC_WACS_ASSET_QUERY,Oracle Utilities OFSC WACS Asset Query,01.22.3000,GetAssetDetailsForPickup(i2),Adapter_Invoke,,,,,OUTL-BRT-SOAP-WACS_WACSOFSC,GetAssetDetailsForPickup,
OUTL-BA-OFSC_WACS_ASSET_QUERY_01.22.3000.iar.yaml,OUTL-BA-OFSC_WACS_ASSET_QUERY|01.22.3000,OUTL-BA-OFSC_WACS_ASSET_QUERY,Oracle Utilities OFSC WACS Asset Query,01.22.3000,MainAssetQueryForPickup(i1),Adapter_Invoke,,,,,OUTL-BRT-SOAP-WACS_WACSOFSC,MainAssetQueryForPickup,
OUTL-BA-OFSC_WACS_STOREROOM_SYNC_01.22.3000.iar.yaml,OUTL-BA-OFSC_WACS_STOREROOM_SYNC|01.22.3000,OUTL-BA-OFSC_WACS_STOREROOM_SYNC,Oracle Utilities OFSC WACS Storeroom Sync,01.22.3000,GetStoreroomInventoryFromWACS(i1),Adapter_Invoke,,,,,OUTL-BRT-SOAP-WACS_WACSOFSC,GetStoreroomInventoryFromWACS,
OUTL-BA-OFSC_WACS_STOREROOM_SYNC_01.22.3000.iar.yaml,OUTL-BA-OFSC_WACS_STOREROOM_SYNC|01.22.3000,OUTL-BA-OFSC_WACS_STOREROOM_SYNC,Oracle Utilities OFSC WACS Storeroom Sync,01.22.3000,UpdateResourceLastSyncDateTime(i0),Adapter_Invoke,,,,https://tsgt.fs.ocs.oraclecloud.com/rest/ofscCore/v1/resources/{resourceId},OUTL-BRT-APP-OFSC_WACSOFSC,UpdateResourceLastSyncDateTime,
OUTL-BA-OFSC_WACS_STOREROOM_SYNC_01.22.3000.iar.yaml,OUTL-BA-OFSC_WACS_STOREROOM_SYNC|01.22.3000,OUTL-BA-OFSC_WACS_STOREROOM_SYNC,Oracle Utilities OFSC WACS Storeroom Sync,01.22.3000,bulkupdateinventories(i5),Adapter_Invoke,,,,/ofscCore/v1/resources/custom-actions/bulkUpdateInventories,OUTL-BRT-REST-OFSC_WACSOFSC,bulkupdateinventories,
OUTL-BA-OFSC_WACS_STOREROOM_SYNC_01.22.3000.iar.yaml,OUTL-BA-OFSC_WACS_STOREROOM_SYNC|01.22.3000,OUTL-BA-OFSC_WACS_STOREROOM_SYNC,Oracle Utilities OFSC WACS Storeroom Sync,01.22.3000,getResourceInventories(i4),Adapter_Invoke,,,,https://tsgt.fs.ocs.oraclecloud.com/rest/ofscCore/v1/resources/{resourceId}/inventories,OUTL-BRT-APP-OFSC_WACSOFSC,getResourceInventories,
OUTL-BA-OFSC_WACS_STOREROOM_SYNC_01.22.3000.iar.yaml,OUTL-BA-OFSC_WACS_STOREROOM_SYNC|01.22.3000,OUTL-BA-OFSC_WACS_STOREROOM_SYNC,Oracle Utilities OFSC WACS Storeroom Sync,01.22.3000,resourceinventorybulk(i3),Adapter_Invoke,,,,/ofscCore/v1/resources/custom-actions/bulkUpdateInventories,OUTL-BRT-REST-OFSC_WACSOFSC,resourceinventorybulk,
OUTL-BA-OFSC_WACS_WORK_REQ_01.22.3000.iar.yaml,OUTL-BA-OFSC_WACS_WORK_REQ|01.22.3000,OUTL-BA-OFSC_WACS_WORK_REQ,Oracle Utilities OFSC WACS Work Request,01.22.3000,createWorkRequest(i0),Adapter_Invoke,,,,,OUTL-BRT-SOAP-WACS_WACSOFSC,createWorkRequest,
OUTL-BA-WACS_OFSC_ADMIN_SYNC_01.22.3000.iar.yaml,OUTL-BA-WACS_OFSC_ADMIN_SYNC|01.22.3000,OUTL-BA-WACS_OFSC_ADMIN_SYNC,Oracle Utilities WACS OFSC Admin Data Sync,01.22.3000,CreateActivityType(i19),Adapter_Invoke,,,,/ofscMetadata/v1/activityTypes/{activityType},OUTL-BRT-REST-OFSC_WACSOFSC,CreateActivityType,
OUTL-BA-WACS_OFSC_ADMIN_SYNC_01.22.3000.iar.yaml,OUTL-BA-WACS_OFSC_ADMIN_SYNC|01.22.3000,OUTL-BA-WACS_OFSC_ADMIN_SYNC,Oracle Utilities WACS OFSC Admin Data Sync,01.22.3000,GetActivityTypes(i18),Adapter_Invoke,,,,,OUTL-BRT-SOAP-WACS_WACSOFSC,GetActivityTypes,
OUTL-BA-WACS_OFSC_ADMIN_SYNC_01.22.3000.iar.yaml,OUTL-BA-WACS_OFSC_ADMIN_SYNC|01.22.3000,OUTL-BA-WACS_OFSC_ADMIN_SYNC,Oracle Utilities WACS OFSC Admin Data Sync,01.22.3000,GetOFSCActitvityTypes(i25),Adapter_Invoke,,,,/ofscMetadata/v1/activityTypeGroups/{label},OUTL-BRT-REST-OFSC_WACSOFSC,GetOFSCActitvityTypes,
OUTL-BA-WACS_OFSC_ADMIN_SYNC_01.22.3000.iar.yaml,OUTL-BA-WACS_OFSC_ADMIN_SYNC|01.22.3000,OUTL-BA-WACS_OFSC_ADMIN_SYNC,Oracle Utilities WACS OFSC Admin Data Sync,01.22.3000,Get_MobileControlData(i0),Adapter_Invoke,,,,,OUTL-BRT-SOAP-WACS_WACSOFSC,Get_MobileControlData,
OUTL-BA-WACS_OFSC_ADMIN_SYNC_01.22.3000.iar.yaml,OUTL-BA-WACS_OFSC_ADMIN_SYNC|01.22.3000,OUTL-BA-WACS_OFSC_ADMIN_SYNC,Oracle Utilities WACS OFSC Admin Data Sync,01.22.3000,Get_OFSCWorkSkillConditions(i1),Adapter_Invoke,,,,/ofscMetadata/v1/workSkillConditions,OUTL-BRT-REST-OFSC_WACSOFSC,Get_OFSCWorkSkillConditions,
OUTL-BA-WACS_OFSC_ADMIN_SYNC_01.22.3000.iar.yaml,OUTL-BA-WACS_OFSC_ADMIN_SYNC|01.22.3000,OUTL-BA-WACS_OFSC_ADMIN_SYNC,Oracle Utilities WACS OFSC Admin Data Sync,01.22.3000,PopulateServiceCategory(i24),Adapter_Invoke,,,,/ofscMetadata/v1/properties/wam_material_stockItemCategory/enumerationList,OUTL-BRT-REST-OFSC_WACSOFSC,PopulateServiceCategory,
OUTL-BA-WACS_OFSC_ADMIN_SYNC_01.22.3000.iar.yaml,OUTL-BA-WACS_OFSC_ADMIN_SYNC|01.22.3000,OUTL-BA-WACS_OFSC_ADMIN_SYNC,Oracle Utilities WACS OFSC Admin Data Sync,01.22.3000,PopulateWorkTypeValues(i17),Adapter_Invoke,,,,/ofscMetadata/v1/properties/wam_work_type/enumerationList,OUTL-BRT-REST-OFSC_WACSOFSC,PopulateWorkTypeValues,
OUTL-BA-WACS_OFSC_ADMIN_SYNC_01.22.3000.iar.yaml,OUTL-BA-WACS_OFSC_ADMIN_SYNC|01.22.3000,OUTL-BA-WACS_OFSC_ADMIN_SYNC,Oracle Utilities WACS OFSC Admin Data Sync,01.22.3000,PopulateresourceUOMValues(i9),Adapter_Invoke,,,,/ofscMetadata/v1/properties/wam_resource_uom/enumerationList,OUTL-BRT-REST-OFSC_WACSOFSC,PopulateresourceUOMValues,
OUTL-BA-WACS_OFSC_ADMIN_SYNC_01.22.3000.iar.yaml,OUTL-BA-WACS_OFSC_ADMIN_SYNC|01.22.3000,OUTL-BA-WACS_OFSC_ADMIN_SYNC,Oracle Utilities WACS OFSC Admin Data Sync,01.22.3000,PutActivityTypesPSH(i20),Adapter_Invoke,,,,/ofscMetadata/v1/properties/wam_actType_psh/enumerationList,OUTL-BRT-REST-OFSC_WACSOFSC,PutActivityTypesPSH,
OUTL-BA-WACS_OFSC_ADMIN_SYNC_01.22.3000.iar.yaml,OUTL-BA-WACS_OFSC_ADMIN_SYNC|01.22.3000,OUTL-BA-WACS_OFSC_ADMIN_SYNC,Oracle Utilities WACS OFSC Admin Data Sync,01.22.3000,PutCraftValues(i8),Adapter_Invoke,,,,/ofscMetadata/v1/properties/wam_craft/enumerationList,OUTL-BRT-REST-OFSC_WACSOFSC,PutCraftValues,
OUTL-BA-WACS_OFSC_ADMIN_SYNC_01.22.3000.iar.yaml,OUTL-BA-WACS_OFSC_ADMIN_SYNC|01.22.3000,OUTL-BA-WACS_OFSC_ADMIN_SYNC,Oracle Utilities WACS OFSC Admin Data Sync,01.22.3000,PutCrewShiftTypeValues(i2),Adapter_Invoke,,,,/ofscMetadata/v1/properties/wam_crew_shift_type/enumerationList,OUTL-BRT-REST-OFSC_WACSOFSC,PutCrewShiftTypeValues,
OUTL-BA-WACS_OFSC_ADMIN_SYNC_01.22.3000.iar.yaml,OUTL-BA-WACS_OFSC_ADMIN_SYNC|01.22.3000,OUTL-BA-WACS_OFSC_ADMIN_SYNC,Oracle Utilities WACS OFSC Admin Data Sync,01.22.3000,PutDowntimeReasonValues(i3),Adapter_Invoke,,,,/ofscMetadata/v1/properties/wam_downtime_reason/enumerationList,OUTL-BRT-REST-OFSC_WACSOFSC,PutDowntimeReasonValues,
OUTL-BA-WACS_OFSC_ADMIN_SYNC_01.22.3000.iar.yaml,OUTL-BA-WACS_OFSC_ADMIN_SYNC|01.22.3000,OUTL-BA-WACS_OFSC_ADMIN_SYNC,Oracle Utilities WACS OFSC Admin Data Sync,01.22.3000,PutEqWorkSkills(i26),Adapter_Invoke,,,,/ofscMetadata/v1/workSkills/{label},OUTL-BRT-REST-OFSC_WACSOFSC,PutEqWorkSkills,
OUTL-BA-WACS_OFSC_ADMIN_SYNC_01.22.3000.iar.yaml,OUTL-BA-WACS_OFSC_ADMIN_SYNC|01.22.3000,OUTL-BA-WACS_OFSC_ADMIN_SYNC,Oracle Utilities WACS OFSC Admin Data Sync,01.22.3000,PutEquipmentValues(i6),Adapter_Invoke,,,,/ofscMetadata/v1/properties/wam_equipment_type/enumerationList,OUTL-BRT-REST-OFSC_WACSOFSC,PutEquipmentValues,
OUTL-BA-WACS_OFSC_ADMIN_SYNC_01.22.3000.iar.yaml,OUTL-BA-WACS_OFSC_ADMIN_SYNC|01.22.3000,OUTL-BA-WACS_OFSC_ADMIN_SYNC,Oracle Utilities WACS OFSC Admin Data Sync,01.22.3000,PutLaborEarningTypeValues(i5),Adapter_Invoke,,,,/ofscMetadata/v1/properties/wam_labor_earning_type/enumerationList,OUTL-BRT-REST-OFSC_WACSOFSC,PutLaborEarningTypeValues,
OUTL-BA-WACS_OFSC_ADMIN_SYNC_01.22.3000.iar.yaml,OUTL-BA-WACS_OFSC_ADMIN_SYNC|01.22.3000,OUTL-BA-WACS_OFSC_ADMIN_SYNC,Oracle Utilities WACS OFSC Admin Data Sync,01.22.3000,PutLocationTypeValues(i15),Adapter_Invoke,,,,/ofscMetadata/v1/properties/wam_pickup_location_type/enumerationList,OUTL-BRT-REST-OFSC_WACSOFSC,PutLocationTypeValues,
OUTL-BA-WACS_OFSC_ADMIN_SYNC_01.22.3000.iar.yaml,OUTL-BA-WACS_OFSC_ADMIN_SYNC|01.22.3000,OUTL-BA-WACS_OFSC_ADMIN_SYNC,Oracle Utilities WACS OFSC Admin Data Sync,01.22.3000,PutMsurementGaugeReasonValues(i12),Adapter_Invoke,,,,/ofscMetadata/v1/properties/wam_measurement_gauge_reason/enumerationList,OUTL-BRT-REST-OFSC_WACSOFSC,PutMsurementGaugeReasonValues,
OUTL-BA-WACS_OFSC_ADMIN_SYNC_01.22.3000.iar.yaml,OUTL-BA-WACS_OFSC_ADMIN_SYNC|01.22.3000,OUTL-BA-WACS_OFSC_ADMIN_SYNC,Oracle Utilities WACS OFSC Admin Data Sync,01.22.3000,PutMsurementMeterReasonValues(i13),Adapter_Invoke,,,,/ofscMetadata/v1/properties/wam_measurement_meter_reason/enumerationList,OUTL-BRT-REST-OFSC_WACSOFSC,PutMsurementMeterReasonValues,
OUTL-BA-WACS_OFSC_ADMIN_SYNC_01.22.3000.iar.yaml,OUTL-BA-WACS_OFSC_ADMIN_SYNC|01.22.3000,OUTL-BA-WACS_OFSC_ADMIN_SYNC,Oracle Utilities WACS OFSC Admin Data Sync,01.22.3000,PutOtherResourceTypeValues(i7),Adapter_Invoke,,,,/ofscMetadata/v1/properties/wam_other_resource_type/enumerationList,OUTL-BRT-REST-OFSC_WACSOFSC,PutOtherResourceTypeValues,
OUTL-BA-WACS_OFSC_ADMIN_SYNC_01.22.3000.iar.yaml,OUTL-BA-WACS_OFSC_ADMIN_SYNC|01.22.3000,OUTL-BA-WACS_OFSC_ADMIN_SYNC,Oracle Utilities WACS OFSC Admin Data Sync,01.22.3000,PutOvertimeTypeValues(i4),Adapter_Invoke,,,,/ofscMetadata/v1/properties/wam_overtime_type/enumerationList,OUTL-BRT-REST-OFSC_WACSOFSC,PutOvertimeTypeValues,
OUTL-BA-WACS_OFSC_ADMIN_SYNC_01.22.3000.iar.yaml,OUTL-BA-WACS_OFSC_ADMIN_SYNC|01.22.3000,OUTL-BA-WACS_OFSC_ADMIN_SYNC,Oracle Utilities WACS OFSC Admin Data Sync,01.22.3000,PutPriorityFlagValues(i16),Adapter_Invoke,,,,/ofscMetadata/v1/properties/wam_work_priority/enumerationList,OUTL-BRT-REST-OFSC_WACSOFSC,PutPriorityFlagValues,
OUTL-BA-WACS_OFSC_ADMIN_SYNC_01.22.3000.iar.yaml,OUTL-BA-WACS_OFSC_ADMIN_SYNC|01.22.3000,OUTL-BA-WACS_OFSC_ADMIN_SYNC,Oracle Utilities WACS OFSC Admin Data Sync,01.22.3000,PutWorkCategory(i21),Adapter_Invoke,,,,/ofscMetadata/v1/properties/wam_work_category/enumerationList,OUTL-BRT-REST-OFSC_WACSOFSC,PutWorkCategory,
OUTL-BA-WACS_OFSC_ADMIN_SYNC_01.22.3000.iar.yaml,OUTL-BA-WACS_OFSC_ADMIN_SYNC|01.22.3000,OUTL-BA-WACS_OFSC_ADMIN_SYNC,Oracle Utilities WACS OFSC Admin Data Sync,01.22.3000,PutWorkClass(i22),Adapter_Invoke,,,,/ofscMetadata/v1/properties/wam_work_class/enumerationList,OUTL-BRT-REST-OFSC_WACSOFSC,PutWorkClass,
OUTL-BA-WACS_OFSC_ADMIN_SYNC_01.22.3000.iar.yaml,OUTL-BA-WACS_OFSC_ADMIN_SYNC|01.22.3000,OUTL-BA-WACS_OFSC_ADMIN_SYNC,Oracle Utilities WACS OFSC Admin Data Sync,01.22.3000,PutWorkSkill(i10),Adapter_Invoke,,,,/ofscMetadata/v1/workSkills/{label},OUTL-BRT-REST-OFSC_WACSOFSC,PutWorkSkill,
OUTL-BA-WACS_OFSC_ADMIN_SYNC_01.22.3000.iar.yaml,OUTL-BA-WACS_OFSC_ADMIN_SYNC|01.22.3000,OUTL-BA-WACS_OFSC_ADMIN_SYNC,Oracle Utilities WACS OFSC Admin Data Sync,01.22.3000,Put_EqWorkSkillProperty(i27),Adapter_Invoke,,,,/ofscMetadata/v1/properties/{label},OUTL-BRT-REST-OFSC_WACSOFSC,Put_EqWorkSkillProperty,
OUTL-BA-WACS_OFSC_ADMIN_SYNC_01.22.3000.iar.yaml,OUTL-BA-WACS_OFSC_ADMIN_SYNC|01.22.3000,OUTL-BA-WACS_OFSC_ADMIN_SYNC,Oracle Utilities WACS OFSC Admin Data Sync,01.22.3000,Put_WorkSkillProperty(i11),Adapter_Invoke,,,,/ofscMetadata/v1/properties/{label},OUTL-BRT-REST-OFSC_WACSOFSC,Put_WorkSkillProperty,
OUTL-BA-WACS_OFSC_ADMIN_SYNC_01.22.3000.iar.yaml,OUTL-BA-WACS_OFSC_ADMIN_SYNC|01.22.3000,OUTL-BA-WACS_OFSC_ADMIN_SYNC,Oracle Utilities WACS OFSC Admin Data Sync,01.22.3000,Replace_OFSCWorkSkillConditions(i14),Adapter_Invoke,,,,/ofscMetadata/v1/workSkillConditions,OUTL-BRT-REST-OFSC_WACSOFSC,Replace_OFSCWorkSkillConditions,
OUTL-BA-WACS_OFSC_ADMIN_SYNC_01.22.3000.iar.yaml,OUTL-BA-WACS_OFSC_ADMIN_SYNC|01.22.3000,OUTL-BA-WACS_OFSC_ADMIN_SYNC,Oracle Utilities WACS OFSC Admin Data Sync,01.22.3000,UpdateMaterialUOM(i23),Adapter_Invoke,,,,/ofscMetadata/v1/properties/wam_material_uom/enumerationList,OUTL-BRT-REST-OFSC_WACSOFSC,UpdateMaterialUOM,
PAYROL_PARALL_TIME_ABSENC_LOAD_01.03.0001.iar.yaml,PAYROL_PARALL_TIME_ABSENC_LOAD|01.03.0001,PAYROL_PARALL_TIME_ABSENC_LOAD,PAYROLL_PARALLEL_TIME_ABSENCE_LOAD,01.03.0001,CreateAbsenceTransaction(i3),Adapter_Invoke,,,,/hcmRestApi/resources/latest/absences,FUSION_REST_CONN,CreateAbsenceTransaction,
PAYROL_PARALL_TIME_ABSENC_LOAD_01.03.0001.iar.yaml,PAYROL_PARALL_TIME_ABSENC_LOAD|01.03.0001,PAYROL_PARALL_TIME_ABSENC_LOAD,PAYROLL_PARALLEL_TIME_ABSENCE_LOAD,01.03.0001,CreateTimeEventRequests(i5),Adapter_Invoke,,,,/hcmRestApi/resources/latest/timeEventRequests,FUSION_REST_CONN,CreateTimeEventRequests,
PAYROL_PARALL_TIME_ABSENC_LOAD_01.03.0001.iar.yaml,PAYROL_PARALL_TIME_ABSENC_LOAD|01.03.0001,PAYROL_PARALL_TIME_ABSENC_LOAD,PAYROLL_PARALLEL_TIME_ABSENCE_LOAD,01.03.0001,Download(i1),Adapter_Invoke,,,,,TSGTFTP_CONN,Download,
PAYROL_PARALL_TIME_ABSENC_LOAD_01.03.0001.iar.yaml,PAYROL_PARALL_TIME_ABSENC_LOAD|01.03.0001,PAYROL_PARALL_TIME_ABSENC_LOAD,PAYROLL_PARALLEL_TIME_ABSENCE_LOAD,01.03.0001,ExpenditureType(i8),Adapter_Invoke,,,,/fscmRestApi/resources/latest/expenditureTypes,FUSION_REST_CONN,ExpenditureType,
PAYROL_PARALL_TIME_ABSENC_LOAD_01.03.0001.iar.yaml,PAYROL_PARALL_TIME_ABSENC_LOAD|01.03.0001,PAYROL_PARALL_TIME_ABSENC_LOAD,PAYROLL_PARALLEL_TIME_ABSENCE_LOAD,01.03.0001,GeneratOutput(i4),Adapter_Invoke,,,,,TSGTFTP_CONN,GeneratOutput,
PAYROL_PARALL_TIME_ABSENC_LOAD_01.03.0001.iar.yaml,PAYROL_PARALL_TIME_ABSENC_LOAD|01.03.0001,PAYROL_PARALL_TIME_ABSENC_LOAD,PAYROLL_PARALLEL_TIME_ABSENCE_LOAD,01.03.0001,GetGradeStepId(i9),Adapter_Invoke,,,,/hcmRestApi/resources/latest/grades,FUSION_REST_CONN,GetGradeStepId,
PAYROL_PARALL_TIME_ABSENC_LOAD_01.03.0001.iar.yaml,PAYROL_PARALL_TIME_ABSENC_LOAD|01.03.0001,PAYROL_PARALL_TIME_ABSENC_LOAD,PAYROLL_PARALLEL_TIME_ABSENCE_LOAD,01.03.0001,GetLegalEmployer(i2),Adapter_Invoke,,,,/hcmRestApi/resources/11.13.18.05/workers,FUSION_REST_CONN,GetLegalEmployer,
PAYROL_PARALL_TIME_ABSENC_LOAD_01.03.0001.iar.yaml,PAYROL_PARALL_TIME_ABSENC_LOAD|01.03.0001,PAYROL_PARALL_TIME_ABSENC_LOAD,PAYROLL_PARALLEL_TIME_ABSENCE_LOAD,01.03.0001,GetProjectId(i6),Adapter_Invoke,,,,/fscmRestApi/resources/latest/projects,FUSION_REST_CONN,GetProjectId,
PAYROL_PARALL_TIME_ABSENC_LOAD_01.03.0001.iar.yaml,PAYROL_PARALL_TIME_ABSENC_LOAD|01.03.0001,PAYROL_PARALL_TIME_ABSENC_LOAD,PAYROLL_PARALLEL_TIME_ABSENCE_LOAD,01.03.0001,GetTaskId(i7),Adapter_Invoke,,,,/fscmRestApi/resources/latest/projects/{ProjectId}/child/Tasks,FUSION_REST_CONN,GetTaskId,
PAYROL_PARALL_TIME_ABSENC_LOAD_01.03.0001.iar.yaml,PAYROL_PARALL_TIME_ABSENC_LOAD|01.03.0001,PAYROL_PARALL_TIME_ABSENC_LOAD,PAYROLL_PARALLEL_TIME_ABSENCE_LOAD,01.03.0001,GradeStepIdForHoliday(i10),Adapter_Invoke,,,,/hcmRestApi/resources/latest/grades,FUSION_REST_CONN,GradeStepIdForHoliday,
PAYROL_PARALL_TIME_ABSENC_LOAD_01.03.0001.iar.yaml,PAYROL_PARALL_TIME_ABSENC_LOAD|01.03.0001,PAYROL_PARALL_TIME_ABSENC_LOAD,PAYROLL_PARALLEL_TIME_ABSENCE_LOAD,01.03.0001,ListFile(i0),Adapter_Invoke,,,,,TSGTFTP_CONN,ListFile,
TSGTCMNCHECKESSJOBSTATUS_SERVICE_01.00.0000.iar.yaml,TSGTCMNCHECKESSJOBSTATUS_SERVICE|01.00.0000,TSGTCMNCHECKESSJOBSTATUS_SERVICE,TSGTCmnCheckESSJOBStatus_Service,01.00.0000,GetJobStatus(i0),Adapter_Invoke,,,,,TSGTERPCLOUD_CONN,GetJobStatus,
TSGTCMNUCMTOOBJEMOVE_SERVICE_01.00.0000.iar.yaml,TSGTCMNUCMTOOBJEMOVE_SERVICE|01.00.0000,TSGTCMNUCMTOOBJEMOVE_SERVICE,TSGTCmnUCMToObjectStorageMove_Service,01.00.0000,GetFileFromUCM(i0),Adapter_Invoke,,,,,TSGTSOAPORCLGENE_CONN,GetFileFromUCM,
TSGTCMNUCMTOOBJEMOVE_SERVICE_01.00.0000.iar.yaml,TSGTCMNUCMTOOBJEMOVE_SERVICE|01.00.0000,TSGTCMNUCMTOOBJEMOVE_SERVICE,TSGTCmnUCMToObjectStorageMove_Service,01.00.0000,UploadDocFileToBucket(i1),Adapter_Invoke,,,,/n/{nameSpaceName}/b/{bucketName}/o/{objectName},TSGTOBJECTSTORAG_CONN,UploadDocFileToBucket,
TSGTCMNUCMTOSFTP_SERVICE_01.00.0000.iar.yaml,TSGTCMNUCMTOSFTP_SERVICE|01.00.0000,TSGTCMNUCMTOSFTP_SERVICE,TSGTCmnUCMtoSFTPMove_Service,01.00.0000,GetFileFromUCM(i0),Adapter_Invoke,,,,,TSGTSOAPORCLGENE_CONN,GetFileFromUCM,
TSGTCMNUCMTOSFTP_SERVICE_01.00.0000.iar.yaml,TSGTCMNUCMTOSFTP_SERVICE|01.00.0000,TSGTCMNUCMTOSFTP_SERVICE,TSGTCmnUCMtoSFTPMove_Service,01.00.0000,MoveToBOCC(i1),Adapter_Invoke,,,,,TSGTFTP_CONN,MoveToBOCC,
TSGTCMNUTILFILEU_SERVICE_01.00.0001.iar.yaml,TSGTCMNUTILFILEU_SERVICE|01.00.0001,TSGTCMNUTILFILEU_SERVICE,TSGTCmnUtilFileUpload_Service,01.00.0001,UploadEachFiletoSFTP(i1),Adapter_Invoke,,,,,TSGTFTP_CONN,UploadEachFiletoSFTP,
TSGTCMNUTILFILEU_SERVICE_01.00.0001.iar.yaml,TSGTCMNUTILFILEU_SERVICE|01.00.0001,TSGTCMNUTILFILEU_SERVICE,TSGTCmnUtilFileUpload_Service,01.00.0001,UploadFileToSFTP(i0),Adapter_Invoke,,,,,TSGTFTP_CONN,UploadFileToSFTP,
TSGTCMNUTILFILEU_SERVICE_01.00.0001.iar.yaml,TSGTCMNUTILFILEU_SERVICE|01.00.0001,TSGTCMNUTILFILEU_SERVICE,TSGTCmnUtilFileUpload_Service,01.00.0001,UploadZIPtoSFTP(i2),Adapter_Invoke,,,,,TSGTFTP_CONN,UploadZIPtoSFTP,
TSGTMINGENCHECKRUNSTATUS_SERVICE_01.00.0000.iar.yaml,TSGTMINGENCHECKRUNSTATUS_SERVICE|01.00.0000,TSGTMINGENCHECKRUNSTATUS_SERVICE,TSGTMingenCheckRunStatus_Service,01.00.0000,CheckLockFlagStatus(i2),Adapter_Invoke,,,,,TSGTATPCLOUDDB_CONN,CheckLockFlagStatus,
TSGTMINGENCHECKRUNSTATUS_SERVICE_01.00.0000.iar.yaml,TSGTMINGENCHECKRUNSTATUS_SERVICE|01.00.0000,TSGTMINGENCHECKRUNSTATUS_SERVICE,TSGTMingenCheckRunStatus_Service,01.00.0000,CheckReportStatusLockFlagAsN(i0),Adapter_Invoke,,,,,TSGTATPCLOUDDB_CONN,CheckReportStatusLockFlagAsN,
TSGTMINGENERPLOCKCONTROL_SERVICE_01.00.0000.iar.yaml,TSGTMINGENERPLOCKCONTROL_SERVICE|01.00.0000,TSGTMINGENERPLOCKCONTROL_SERVICE,TSGTMingenErpLockControl_Service,01.00.0000,LockFlagCheck(i0),Adapter_Invoke,,,,,TSGTATPCLOUDDB_CONN,LockFlagCheck,
TSGTMINGENERPLOCKCONTROL_SERVICE_01.00.0000.iar.yaml,TSGTMINGENERPLOCKCONTROL_SERVICE|01.00.0000,TSGTMINGENERPLOCKCONTROL_SERVICE,TSGTMingenErpLockControl_Service,01.00.0000,UpdateLockFlag(i1),Adapter_Invoke,,,,,TSGTATPCLOUDDB_CONN,UpdateLockFlag,
TSGTMINGENERPLOCKCONTROL_SERVICE_01.00.0000.iar.yaml,TSGTMINGENERPLOCKCONTROL_SERVICE|01.00.0000,TSGTMINGENERPLOCKCONTROL_SERVICE,TSGTMingenErpLockControl_Service,01.00.0000,UpdateMingenLockTable(i2),Adapter_Invoke,,,,,TSGTATPCLOUDDB_CONN,UpdateMingenLockTable,
TSGT_CAPITA_BURDEN_CALLBA_PROCES_01.00.0000.iar.yaml,TSGT_CAPITA_BURDEN_CALLBA_PROCES|01.00.0000,TSGT_CAPITA_BURDEN_CALLBA_PROCES,TSGT Capitalizable Burden Callback Process,01.00.0000,CallBIPrepforrecordcounts(i1),Adapter_Invoke,,,,,TSGTSOAPERPBIP_CONN,CallBIPrepforrecordcounts,
TSGT_CAPITA_BURDEN_CALLBA_PROCES_01.00.0000.iar.yaml,TSGT_CAPITA_BURDEN_CALLBA_PROCES|01.00.0000,TSGT_CAPITA_BURDEN_CALLBA_PROCES,TSGT Capitalizable Burden Callback Process,01.00.0000,downloadexpidfilefromFTP(i0),Adapter_Invoke,,,,,TSGTFTP_CONN,downloadexpidfilefromFTP,
TSGT_CAPITA_BURDEN_CALLBA_PROCES_01.00.0000.iar.yaml,TSGT_CAPITA_BURDEN_CALLBA_PROCES|01.00.0000,TSGT_CAPITA_BURDEN_CALLBA_PROCES,TSGT Capitalizable Burden Callback Process,01.00.0000,rungeneratereport(i4),Adapter_Invoke,,,,,TSGTSOAPERPBIP_CONN,rungeneratereport,
TSGT_CAPITA_BURDEN_CALLBA_PROCES_01.00.0000.iar.yaml,TSGT_CAPITA_BURDEN_CALLBA_PROCES|01.00.0000,TSGT_CAPITA_BURDEN_CALLBA_PROCES,TSGT Capitalizable Burden Callback Process,01.00.0000,runsuccessreportbybatch(i3),Adapter_Invoke,,,,,TSGTSOAPERPBIP_CONN,runsuccessreportbybatch,
TSGT_CAPITA_BURDEN_CALLBA_PROCES_01.00.0000.iar.yaml,TSGT_CAPITA_BURDEN_CALLBA_PROCES|01.00.0000,TSGT_CAPITA_BURDEN_CALLBA_PROCES,TSGT Capitalizable Burden Callback Process,01.00.0000,updateexpitemdff(i2),Adapter_Invoke,,,,,TSGTERPCLOUD_CONN,updateexpitemdff,
TSGT_HCM_PRJ_PER_RATE_SCH_PPM_CA_01.01.0000.iar.yaml,TSGT_HCM_PRJ_PER_RATE_SCH_PPM_CA|01.01.0000,TSGT_HCM_PRJ_PER_RATE_SCH_PPM_CA,TSGT HCM Prj Per Rate Sch PPM Callback,01.01.0000,DownloadReportXMLData(i2),Adapter_Invoke,,,,/erpintegrations,TSGT_ERP_SCM_REST_FOR_WACS_ERP,DownloadReportXMLData,
TSGT_HCM_PRJ_PER_RATE_SCH_PPM_CA_01.01.0000.iar.yaml,TSGT_HCM_PRJ_PER_RATE_SCH_PPM_CA|01.01.0000,TSGT_HCM_PRJ_PER_RATE_SCH_PPM_CA,TSGT HCM Prj Per Rate Sch PPM Callback,01.01.0000,ExtractDocument(i0),Adapter_Invoke,,,,,TSGTERPCLOUD_CONN,ExtractDocument,
TSGT_HCM_PRJ_PER_RATE_SCH_PPM_CA_01.01.0000.iar.yaml,TSGT_HCM_PRJ_PER_RATE_SCH_PPM_CA|01.01.0000,TSGT_HCM_PRJ_PER_RATE_SCH_PPM_CA,TSGT HCM Prj Per Rate Sch PPM Callback,01.01.0000,GeneratePDFReport(i3),Adapter_Invoke,,,,,TSGTSOAPERPBIP_CONN,GeneratePDFReport,
TSGT_HCM_PRJ_PER_RATE_SCH_PPM_CA_01.01.0000.iar.yaml,TSGT_HCM_PRJ_PER_RATE_SCH_PPM_CA|01.01.0000,TSGT_HCM_PRJ_PER_RATE_SCH_PPM_CA,TSGT HCM Prj Per Rate Sch PPM Callback,01.01.0000,RunBIPReport(i1),Adapter_Invoke,,,,,TSGTSOAPERPBIP_CONN,RunBIPReport,
TSGT_HCM_PROJ_PERS_RATE_SCHE_P_1_01.00.0001.iar.yaml,TSGT_HCM_PROJ_PERS_RATE_SCHE_P_1|01.00.0001,TSGT_HCM_PROJ_PERS_RATE_SCHE_P_1,TSGT HCM Project Person Rate Schedule PPM OPS,01.00.0001,ImportProjectRateSchERPCloud(i1),Adapter_Invoke,,,,,TSGTERPCLOUD_CONN,ImportProjectRateSchERPCloud,
TSGT_HCM_PROJ_PERS_RATE_SCHE_P_1_01.00.0001.iar.yaml,TSGT_HCM_PROJ_PERS_RATE_SCHE_P_1|01.00.0001,TSGT_HCM_PROJ_PERS_RATE_SCHE_P_1,TSGT HCM Project Person Rate Schedule PPM OPS,01.00.0001,Invoke_Report(i0),Adapter_Invoke,,,,,TSGTSOAPERPBIP_CONN,Invoke_Report,
TSGT_HCM_PROJ_PERS_RATE_SCHE_P_2_01.00.0001.iar.yaml,TSGT_HCM_PROJ_PERS_RATE_SCHE_P_2|01.00.0001,TSGT_HCM_PROJ_PERS_RATE_SCHE_P_2,TSGT HCM Project Person Rate Schedule PPM Mining,01.00.0001,ImportProjectRateSchERPCloud(i1),Adapter_Invoke,,,,,TSGTERPCLOUD_CONN,ImportProjectRateSchERPCloud,
TSGT_HCM_PROJ_PERS_RATE_SCHE_P_2_01.00.0001.iar.yaml,TSGT_HCM_PROJ_PERS_RATE_SCHE_P_2|01.00.0001,TSGT_HCM_PROJ_PERS_RATE_SCHE_P_2,TSGT HCM Project Person Rate Schedule PPM Mining,01.00.0001,Invoke_Report(i0),Adapter_Invoke,,,,,TSGTSOAPERPBIP_CONN,Invoke_Report,
TSGT_MIGRAT_WACS_PURCHA_ORDER_01.00.0002.iar.yaml,TSGT_MIGRAT_WACS_PURCHA_ORDER|01.00.0002,TSGT_MIGRAT_WACS_PURCHA_ORDER,TSGT Migrated WACS Purchase Order,01.00.0002,WACS_PO_Sync(i1),Adapter_Invoke,,,,,OUTL-BRT-SOAP-WACS_WACSOFSC,WACS_PO_Sync,
TSGT_ORAC_UTIL_ERPP_WACS_ITEM_IN_01.22.3003.iar.yaml,TSGT_ORAC_UTIL_ERPP_WACS_ITEM_IN|01.22.3003,TSGT_ORAC_UTIL_ERPP_WACS_ITEM_IN,TSGT Oracle Utilities ERPPIM WACS Item InitialSync,01.22.3003,GetFileInUCM(i0),Adapter_Invoke,,,,,OUTL-BRT-SOAP-UCM_GS_WACSERPPIM,GetFileInUCM,
TSGT_ORAC_UTIL_ERPP_WACS_ITEM_IN_01.22.3003.iar.yaml,TSGT_ORAC_UTIL_ERPP_WACS_ITEM_IN|01.22.3003,TSGT_ORAC_UTIL_ERPP_WACS_ITEM_IN,TSGT Oracle Utilities ERPPIM WACS Item InitialSync,01.22.3003,GetUOMConversion(i2),Adapter_Invoke,,,,,OUTL-BRT-APP-ERPPIM_WACSERPPIM,GetUOMConversion,
TSGT_ORAC_UTIL_ERPP_WACS_ITEM_IN_01.22.3003.iar.yaml,TSGT_ORAC_UTIL_ERPP_WACS_ITEM_IN|01.22.3003,TSGT_ORAC_UTIL_ERPP_WACS_ITEM_IN,TSGT Oracle Utilities ERPPIM WACS Item InitialSync,01.22.3003,WACS_StockItemDetailSync(i3),Adapter_Invoke,,,,https://us-phoenix-1.utilities-cloud.oracleindustry.com:443/c2g65p/prod/wac/rest/apis/cm/general/StockItemDetail/StockItemDetail,OUTL-BRT-REST-WACS_WACSERPPIM,WACS_StockItemDetailSync,
TSGT_ORAC_UTIL_ERPP_WACS_ITEM_IN_01.22.3003.iar.yaml,TSGT_ORAC_UTIL_ERPP_WACS_ITEM_IN|01.22.3003,TSGT_ORAC_UTIL_ERPP_WACS_ITEM_IN,TSGT Oracle Utilities ERPPIM WACS Item InitialSync,01.22.3003,WACS_StockItemSync(i1),Adapter_Invoke,,,,https://us-phoenix-1.utilities-cloud.oracleindustry.com:443/c2g65p/prod/wac/rest/apis/asset/inventory/stockItemSync/sync,OUTL-BRT-REST-WACS_WACSERPPIM,WACS_StockItemSync,
TSGT_ORAC_UTIL_ERPP_WACS_ITEM_UP_01.23.3001.iar.yaml,TSGT_ORAC_UTIL_ERPP_WACS_ITEM_UP|01.23.3001,TSGT_ORAC_UTIL_ERPP_WACS_ITEM_UP,TSGT Oracle Utilities ERPPIM WACS Item Update,01.23.3001,GetUomConversion(i1),Adapter_Invoke,,,,,OUTL-BRT-APP-ERPPIM_WACSERPPIM,GetUomConversion,
TSGT_ORAC_UTIL_ERPP_WACS_ITEM_UP_01.23.3001.iar.yaml,TSGT_ORAC_UTIL_ERPP_WACS_ITEM_UP|01.23.3001,TSGT_ORAC_UTIL_ERPP_WACS_ITEM_UP,TSGT Oracle Utilities ERPPIM WACS Item Update,01.23.3001,WACS_ItemSync(i0),Adapter_Invoke,,,,https://us-phoenix-1.utilities-cloud.oracleindustry.com:443/c2g65p/prod/wac/rest/apis/asset/inventory/stockItemSync/sync,OUTL-BRT-REST-WACS_WACSERPPIM,WACS_ItemSync,
TSGT_ORAC_UTIL_FPRC_WACS_INVO_CA_01.23.3002.iar.yaml,TSGT_ORAC_UTIL_FPRC_WACS_INVO_CA|01.23.3002,TSGT_ORAC_UTIL_FPRC_WACS_INVO_CA,TSGT Oracle Utilities FPRC WACS Invoice Cancelled,01.23.3002,GetIinvoiceDistributionDff(i1),Adapter_Invoke,,,,,OUTL-BRT-ERPCLOUD_WACSFPRC,GetIinvoiceDistributionDff,
TSGT_ORAC_UTIL_FPRC_WACS_INVO_CA_01.23.3002.iar.yaml,TSGT_ORAC_UTIL_FPRC_WACS_INVO_CA|01.23.3002,TSGT_ORAC_UTIL_FPRC_WACS_INVO_CA,TSGT Oracle Utilities FPRC WACS Invoice Cancelled,01.23.3002,GetInvoiceInfo(i0),Adapter_Invoke,,,,,OUTL-BRT-ERPCLOUD_WACSFPRC,GetInvoiceInfo,
TSGT_ORAC_UTIL_FPRC_WACS_INVO_CA_01.23.3002.iar.yaml,TSGT_ORAC_UTIL_FPRC_WACS_INVO_CA|01.23.3002,TSGT_ORAC_UTIL_FPRC_WACS_INVO_CA,TSGT Oracle Utilities FPRC WACS Invoice Cancelled,01.23.3002,checkPOExistInWACS(i2),Adapter_Invoke,,,,https://us-phoenix-1.stg.utilities-cloud.oracleindustry.com:443/c2g65p/test/wac/rest/apis/cm/purchasing/purchaseOrderExists/,OUTL-BRT-REST-WACS_WACSFPRC,checkPOExistInWACS,
TSGT_ORAC_UTIL_FPRC_WACS_INVO_PA_01.23.3002.iar.yaml,TSGT_ORAC_UTIL_FPRC_WACS_INVO_PA|01.23.3002,TSGT_ORAC_UTIL_FPRC_WACS_INVO_PA,TSGT Oracle Utilities FPRC WACS Invoice Payment Sy,01.23.3002,GetInvoice(i1),Adapter_Invoke,,,,,OUTL-BRT-ERPCLOUD_WACSFPRC,GetInvoice,
TSGT_ORAC_UTIL_FPRC_WACS_INVO_PA_01.23.3002.iar.yaml,TSGT_ORAC_UTIL_FPRC_WACS_INVO_PA|01.23.3002,TSGT_ORAC_UTIL_FPRC_WACS_INVO_PA,TSGT Oracle Utilities FPRC WACS Invoice Payment Sy,01.23.3002,GetInvoiceDistributionDFF(i2),Adapter_Invoke,,,,,OUTL-BRT-ERPCLOUD_WACSFPRC,GetInvoiceDistributionDFF,
TSGT_ORAC_UTIL_FPRC_WACS_INVO_PA_01.23.3002.iar.yaml,TSGT_ORAC_UTIL_FPRC_WACS_INVO_PA|01.23.3002,TSGT_ORAC_UTIL_FPRC_WACS_INVO_PA,TSGT Oracle Utilities FPRC WACS Invoice Payment Sy,01.23.3002,GetRelatedInvoicePayment(i0),Adapter_Invoke,,,,,OUTL-BRT-ERPCLOUD_WACSFPRC,GetRelatedInvoicePayment,
TSGT_ORAC_UTIL_FPRC_WACS_INVO_PA_01.23.3002.iar.yaml,TSGT_ORAC_UTIL_FPRC_WACS_INVO_PA|01.23.3002,TSGT_ORAC_UTIL_FPRC_WACS_INVO_PA,TSGT Oracle Utilities FPRC WACS Invoice Payment Sy,01.23.3002,WACS_InvoiceSync_Pmnt(i3),Adapter_Invoke,,,,https://us-phoenix-1.utilities-cloud.oracleindustry.com:443/c2g65p/prod/wac/rest/apis/asset/purchasing/invoiceSynchronization/,OUTL-BRT-REST-WACS_WACSFPRC,WACS_InvoiceSync_Pmnt,
TSGT_ORAC_UTIL_FPRC_WACS_INVO_PA_01.23.3002.iar.yaml,TSGT_ORAC_UTIL_FPRC_WACS_INVO_PA|01.23.3002,TSGT_ORAC_UTIL_FPRC_WACS_INVO_PA,TSGT Oracle Utilities FPRC WACS Invoice Payment Sy,01.23.3002,getSupplierSites(i4),Adapter_Invoke,,,,,OUTL-BRT-APP-ERPPIM_WACSERPPIM,getSupplierSites,
TSGT_ORAC_UTIL_HCM_WACS_ABSE_SYN_01.22.2003.iar.yaml,TSGT_ORAC_UTIL_HCM_WACS_ABSE_SYN|01.22.2003,TSGT_ORAC_UTIL_HCM_WACS_ABSE_SYN,TSGT Oracle Utilities HCM WACS Absence Sync,01.22.2003,ExternalReportWSSService(i1),Adapter_Invoke,,,,,TSGTSOAPHCMBIP_CONN,ExternalReportWSSService,
TSGT_ORAC_UTIL_HCM_WACS_ABSE_SYN_01.22.2003.iar.yaml,TSGT_ORAC_UTIL_HCM_WACS_ABSE_SYN|01.22.2003,TSGT_ORAC_UTIL_HCM_WACS_ABSE_SYN,TSGT Oracle Utilities HCM WACS Absence Sync,01.22.2003,ReceiveAbsenceFile(i2),Adapter_Invoke,,,,,OUTL-BRT-APP-HCM_HCMWACS,ReceiveAbsenceFile,
TSGT_ORAC_UTIL_HCM_WACS_ABSE_SYN_01.22.2003.iar.yaml,TSGT_ORAC_UTIL_HCM_WACS_ABSE_SYN|01.22.2003,TSGT_ORAC_UTIL_HCM_WACS_ABSE_SYN,TSGT Oracle Utilities HCM WACS Absence Sync,01.22.2003,WACS_EmployeeLeave(i0),Adapter_Invoke,,,,https://us-phoenix-1.utilities-cloud.oracleindustry.com:443/c2g65p/prod/wac/rest/apis/cm/resources/leave/{externalId},OUTL-BRT-REST-WACS_HCMWACS,WACS_EmployeeLeave,
TSGT_ORAC_UTIL_HCM_WACS_EMP_ASSG_01.22.2003.iar.yaml,TSGT_ORAC_UTIL_HCM_WACS_EMP_ASSG|01.22.2003,TSGT_ORAC_UTIL_HCM_WACS_EMP_ASSG,TSGT Oracle Utilities HCM WACS Employee Assignment,01.22.2003,ReceiveEmpAssignmentFeed(i0),Adapter_Invoke,,,,,OUTL-BRT-APP-HCM_HCMWACS,ReceiveEmpAssignmentFeed,
TSGT_ORAC_UTIL_HCM_WACS_EMP_ASSG_01.22.2003.iar.yaml,TSGT_ORAC_UTIL_HCM_WACS_EMP_ASSG|01.22.2003,TSGT_ORAC_UTIL_HCM_WACS_EMP_ASSG,TSGT Oracle Utilities HCM WACS Employee Assignment,01.22.2003,WACS_Employee(i2),Adapter_Invoke,,,,https://us-phoenix-1.utilities-cloud.oracleindustry.com:443/c2g65p/prod/wac/rest/apis/cm/resources/employeeSynchronization/,OUTL-BRT-REST-WACS_HCMWACS,WACS_Employee,
TSGT_ORAC_UTIL_HCM_WACS_EMP_ASSG_01.22.2003.iar.yaml,TSGT_ORAC_UTIL_HCM_WACS_EMP_ASSG|01.22.2003,TSGT_ORAC_UTIL_HCM_WACS_EMP_ASSG,TSGT Oracle Utilities HCM WACS Employee Assignment,01.22.2003,getHCMWACSSyncBIReport(i5),Adapter_Invoke,,,,,TSGTSOAPHCMBIP_CONN,getHCMWACSSyncBIReport,
TSGT_ORAC_UTIL_HCM_WACS_EMP_ASSG_01.22.2003.iar.yaml,TSGT_ORAC_UTIL_HCM_WACS_EMP_ASSG|01.22.2003,TSGT_ORAC_UTIL_HCM_WACS_EMP_ASSG,TSGT Oracle Utilities HCM WACS Employee Assignment,01.22.2003,getSalaryDetails(i1),Adapter_Invoke,,,,/salaries,OUTL-BRT-REST-HCM_HCMWACS,getSalaryDetails,
TSGT_ORAC_UTIL_HCM_WACS_EMP_ASSG_01.22.2003.iar.yaml,TSGT_ORAC_UTIL_HCM_WACS_EMP_ASSG|01.22.2003,TSGT_ORAC_UTIL_HCM_WACS_EMP_ASSG,TSGT Oracle Utilities HCM WACS Employee Assignment,01.22.2003,getWorkersdata(i3),Adapter_Invoke,,,,/workers,OUTL-BRT-REST-HCM_HCMWACS,getWorkersdata,
TSGT_ORAC_UTIL_HCM_WACS_EMP_INIT_01.22.2005.iar.yaml,TSGT_ORAC_UTIL_HCM_WACS_EMP_INIT|01.22.2005,TSGT_ORAC_UTIL_HCM_WACS_EMP_INIT,TSGT Oracle Utilities HCM WACS Emp Initial Sync,01.22.2005,ReceiveEmployeeFile(i0),Adapter_Invoke,,,,,OUTL-BRT-APP-HCM_HCMWACS,ReceiveEmployeeFile,
TSGT_ORAC_UTIL_HCM_WACS_EMP_INIT_01.22.2005.iar.yaml,TSGT_ORAC_UTIL_HCM_WACS_EMP_INIT|01.22.2005,TSGT_ORAC_UTIL_HCM_WACS_EMP_INIT,TSGT Oracle Utilities HCM WACS Emp Initial Sync,01.22.2005,WACS_Employee(i1),Adapter_Invoke,,,,https://us-phoenix-1.utilities-cloud.oracleindustry.com:443/c2g65p/prod/wac/rest/apis/cm/resources/employeeSynchronization/,OUTL-BRT-REST-WACS_HCMWACS,WACS_Employee,
TSGT_ORAC_UTIL_HCM_WACS_EMP_NEWH_01.22.2005.iar.yaml,TSGT_ORAC_UTIL_HCM_WACS_EMP_NEWH|01.22.2005,TSGT_ORAC_UTIL_HCM_WACS_EMP_NEWH,TSGT Oracle Utilities HCM WACS Emp Newhire Sync,01.22.2005,ReceiveEmpNewHireFeed(i0),Adapter_Invoke,,,,,OUTL-BRT-APP-HCM_HCMWACS,ReceiveEmpNewHireFeed,
TSGT_ORAC_UTIL_HCM_WACS_EMP_NEWH_01.22.2005.iar.yaml,TSGT_ORAC_UTIL_HCM_WACS_EMP_NEWH|01.22.2005,TSGT_ORAC_UTIL_HCM_WACS_EMP_NEWH,TSGT Oracle Utilities HCM WACS Emp Newhire Sync,01.22.2005,WACS_Employee(i1),Adapter_Invoke,,,,https://us-phoenix-1.utilities-cloud.oracleindustry.com:443/c2g65p/prod/wac/rest/apis/cm/resources/employeeSynchronization/,OUTL-BRT-REST-WACS_HCMWACS,WACS_Employee,
TSGT_ORAC_UTIL_HCM_WACS_EMP_NEWH_01.22.2005.iar.yaml,TSGT_ORAC_UTIL_HCM_WACS_EMP_NEWH|01.22.2005,TSGT_ORAC_UTIL_HCM_WACS_EMP_NEWH,TSGT Oracle Utilities HCM WACS Emp Newhire Sync,01.22.2005,getHCMWACSSyncBIReport(i4),Adapter_Invoke,,,,,TSGTSOAPHCMBIP_CONN,getHCMWACSSyncBIReport,
TSGT_ORAC_UTIL_HCM_WACS_EMP_NEWH_01.22.2005.iar.yaml,TSGT_ORAC_UTIL_HCM_WACS_EMP_NEWH|01.22.2005,TSGT_ORAC_UTIL_HCM_WACS_EMP_NEWH,TSGT Oracle Utilities HCM WACS Emp Newhire Sync,01.22.2005,getWorkersData(i3),Adapter_Invoke,,,,/workers,OUTL-BRT-REST-HCM_HCMWACS,getWorkersData,
TSGT_ORAC_UTIL_HCM_WACS_EMP_TERM_01.22.2002.iar.yaml,TSGT_ORAC_UTIL_HCM_WACS_EMP_TERM|01.22.2002,TSGT_ORAC_UTIL_HCM_WACS_EMP_TERM,TSGT Oracle Utilities HCM WACS Emp Terminate,01.22.2002,ReceiveEmpTermFeed(i0),Adapter_Invoke,,,,,OUTL-BRT-APP-HCM_HCMWACS,ReceiveEmpTermFeed,
TSGT_ORAC_UTIL_HCM_WACS_EMP_TERM_01.22.2002.iar.yaml,TSGT_ORAC_UTIL_HCM_WACS_EMP_TERM|01.22.2002,TSGT_ORAC_UTIL_HCM_WACS_EMP_TERM,TSGT Oracle Utilities HCM WACS Emp Terminate,01.22.2002,WACS_Employee(i1),Adapter_Invoke,,,,https://us-phoenix-1.utilities-cloud.oracleindustry.com:443/c2g65p/prod/wac/rest/apis/cm/resources/employeeSynchronization/,OUTL-BRT-REST-WACS_HCMWACS,WACS_Employee,
TSGT_ORAC_UTIL_HCM_WACS_EMP_TERM_01.22.2002.iar.yaml,TSGT_ORAC_UTIL_HCM_WACS_EMP_TERM|01.22.2002,TSGT_ORAC_UTIL_HCM_WACS_EMP_TERM,TSGT Oracle Utilities HCM WACS Emp Terminate,01.22.2002,getHCMWACSBIReport(i3),Adapter_Invoke,,,,,TSGTSOAPHCMBIP_CONN,getHCMWACSBIReport,
TSGT_ORAC_UTIL_HCM_WACS_EMP_TERM_01.22.2002.iar.yaml,TSGT_ORAC_UTIL_HCM_WACS_EMP_TERM|01.22.2002,TSGT_ORAC_UTIL_HCM_WACS_EMP_TERM,TSGT Oracle Utilities HCM WACS Emp Terminate,01.22.2002,getWorkersData(i2),Adapter_Invoke,,,,/workers,OUTL-BRT-REST-HCM_HCMWACS,getWorkersData,
TSGT_ORAC_UTIL_HCM_WACS_EMP_UPD_01.22.2004.iar.yaml,TSGT_ORAC_UTIL_HCM_WACS_EMP_UPD|01.22.2004,TSGT_ORAC_UTIL_HCM_WACS_EMP_UPD,TSGT Oracle Utilities HCM WACS EmployeeUpdate Sync,01.22.2004,ReceiveEmpUpdateFeed(i0),Adapter_Invoke,,,,,OUTL-BRT-APP-HCM_HCMWACS,ReceiveEmpUpdateFeed,
TSGT_ORAC_UTIL_HCM_WACS_EMP_UPD_01.22.2004.iar.yaml,TSGT_ORAC_UTIL_HCM_WACS_EMP_UPD|01.22.2004,TSGT_ORAC_UTIL_HCM_WACS_EMP_UPD,TSGT Oracle Utilities HCM WACS EmployeeUpdate Sync,01.22.2004,WACS_Employee(i4),Adapter_Invoke,,,,https://us-phoenix-1.utilities-cloud.oracleindustry.com:443/c2g65p/prod/wac/rest/apis/cm/resources/employeeSynchronization/,OUTL-BRT-REST-WACS_HCMWACS,WACS_Employee,
TSGT_ORAC_UTIL_HCM_WACS_EMP_UPD_01.22.2004.iar.yaml,TSGT_ORAC_UTIL_HCM_WACS_EMP_UPD|01.22.2004,TSGT_ORAC_UTIL_HCM_WACS_EMP_UPD,TSGT Oracle Utilities HCM WACS EmployeeUpdate Sync,01.22.2004,getHCMWACSSyncBIReport(i5),Adapter_Invoke,,,,,TSGTSOAPHCMBIP_CONN,getHCMWACSSyncBIReport,
TSGT_ORAC_UTIL_HCM_WACS_EMP_UPD_01.22.2004.iar.yaml,TSGT_ORAC_UTIL_HCM_WACS_EMP_UPD|01.22.2004,TSGT_ORAC_UTIL_HCM_WACS_EMP_UPD,TSGT Oracle Utilities HCM WACS EmployeeUpdate Sync,01.22.2004,getPublicWorkerDetails(i2),Adapter_Invoke,,,,/publicWorkers/{personId}/,OUTL-BRT-REST-HCM_HCMWACS,getPublicWorkerDetails,
TSGT_ORAC_UTIL_HCM_WACS_EMP_UPD_01.22.2004.iar.yaml,TSGT_ORAC_UTIL_HCM_WACS_EMP_UPD|01.22.2004,TSGT_ORAC_UTIL_HCM_WACS_EMP_UPD,TSGT Oracle Utilities HCM WACS EmployeeUpdate Sync,01.22.2004,getWorkersData(i3),Adapter_Invoke,,,,/workers,OUTL-BRT-REST-HCM_HCMWACS,getWorkersData,
TSGT_ORAC_UTIL_OFSC_WACS_WORK_OR_01.24.0001.iar.yaml,TSGT_ORAC_UTIL_OFSC_WACS_WORK_OR|01.24.0001,TSGT_ORAC_UTIL_OFSC_WACS_WORK_OR,TSGT Oracle Utilities OFSC WACS Work Order,01.24.0001,GetInventoryDetails(i1),Adapter_Invoke,,,,https://tsgt.fs.ocs.oraclecloud.com/rest/ofscCore/v1/activities/{activityId}/customerInventories,OUTL-BRT-APP-OFSC_WACSOFSC,GetInventoryDetails,
TSGT_ORAC_UTIL_OFSC_WACS_WORK_OR_01.24.0001.iar.yaml,TSGT_ORAC_UTIL_OFSC_WACS_WORK_OR|01.24.0001,TSGT_ORAC_UTIL_OFSC_WACS_WORK_OR,TSGT Oracle Utilities OFSC WACS Work Order,01.24.0001,createWorkOrder(i0),Adapter_Invoke,,,,,OUTL-BRT-SOAP-WACS_WACSOFSC,createWorkOrder,
TSGT_ORAC_UTIL_OFSC_WACS_WORK_OR_01.24.0001.iar.yaml,TSGT_ORAC_UTIL_OFSC_WACS_WORK_OR|01.24.0001,TSGT_ORAC_UTIL_OFSC_WACS_WORK_OR,TSGT Oracle Utilities OFSC WACS Work Order,01.24.0001,updateLockConfig(i2),Adapter_Invoke,,,,https://tsgt.fs.ocs.oraclecloud.com/rest/ofscCore/v1/activities/{activityId},OUTL-BRT-APP-OFSC_WACSOFSC,updateLockConfig,
TSGT_ORAC_UTIL_WACS_FPRC_RECE_SY_01.23.3004.iar.yaml,TSGT_ORAC_UTIL_WACS_FPRC_RECE_SY|01.23.3004,TSGT_ORAC_UTIL_WACS_FPRC_RECE_SY,TSGT Oracle Utilities WACS FPRC Receipts Sync,01.23.3004,ClosePOLines(i3),Adapter_Invoke,,,,,OUTL-BRT-ERPCLOUD_WACSFPRC,ClosePOLines,
TSGT_ORAC_UTIL_WACS_FPRC_RECE_SY_01.23.3004.iar.yaml,TSGT_ORAC_UTIL_WACS_FPRC_RECE_SY|01.23.3004,TSGT_ORAC_UTIL_WACS_FPRC_RECE_SY,TSGT Oracle Utilities WACS FPRC Receipts Sync,01.23.3004,CreateReceipt(i0),Adapter_Invoke,,,,,OUTL-BRT-ERPCLOUD_WACSFPRC,CreateReceipt,
TSGT_ORAC_UTIL_WACS_FPRC_RECE_SY_01.23.3004.iar.yaml,TSGT_ORAC_UTIL_WACS_FPRC_RECE_SY|01.23.3004,TSGT_ORAC_UTIL_WACS_FPRC_RECE_SY,TSGT Oracle Utilities WACS FPRC Receipts Sync,01.23.3004,FPRC_LinesToReturn(i2),Adapter_Invoke,,,,,OUTL-BRT-ERPCLOUD_WACSFPRC,FPRC_LinesToReturn,
TSGT_ORAC_UTIL_WACS_FPRC_RECE_SY_01.23.3004.iar.yaml,TSGT_ORAC_UTIL_WACS_FPRC_RECE_SY|01.23.3004,TSGT_ORAC_UTIL_WACS_FPRC_RECE_SY,TSGT Oracle Utilities WACS FPRC Receipts Sync,01.23.3004,GetProcessingError(i1),Adapter_Invoke,,,,,OUTL-BRT-ERPCLOUD_WACSFPRC,GetProcessingError,
TSGT_ORAC_UTIL_WACS_FPRC_RECE_SY_01.23.3004.iar.yaml,TSGT_ORAC_UTIL_WACS_FPRC_RECE_SY|01.23.3004,TSGT_ORAC_UTIL_WACS_FPRC_RECE_SY,TSGT Oracle Utilities WACS FPRC Receipts Sync,01.23.3004,GetReceiptErrors(i6),Adapter_Invoke,,,,,OUTL-BRT-ERPCLOUD_WACSFPRC,GetReceiptErrors,
TSGT_ORAC_UTIL_WACS_FPRC_RECE_SY_01.23.3004.iar.yaml,TSGT_ORAC_UTIL_WACS_FPRC_RECE_SY|01.23.3004,TSGT_ORAC_UTIL_WACS_FPRC_RECE_SY,TSGT Oracle Utilities WACS FPRC Receipts Sync,01.23.3004,GetReceivingReceiptTxnProcErrors(i4),Adapter_Invoke,,,,,OUTL-BRT-ERPCLOUD_WACSFPRC,GetReceivingReceiptTxnProcErrors,
TSGT_ORAC_UTIL_WACS_FPRC_RECE_SY_01.23.3004.iar.yaml,TSGT_ORAC_UTIL_WACS_FPRC_RECE_SY|01.23.3004,TSGT_ORAC_UTIL_WACS_FPRC_RECE_SY,TSGT Oracle Utilities WACS FPRC Receipts Sync,01.23.3004,InvokeReceiptsTxnReq(i5),Adapter_Invoke,,,,,OUTL-BRT-ERPCLOUD_WACSFPRC,InvokeReceiptsTxnReq,
TSGT_ORAC_UTIL_WACS_FPRC_RETU_SY_01.23.3002.iar.yaml,TSGT_ORAC_UTIL_WACS_FPRC_RETU_SY|01.23.3002,TSGT_ORAC_UTIL_WACS_FPRC_RETU_SY,TSGT Oracle Utilities WACS FPRC Returns Sync,01.23.3002,getLinesToReturn(i0),Adapter_Invoke,,,,,OUTL-BRT-ERPCLOUD_WACSFPRC,getLinesToReturn,
TSGT_ORAC_UTIL_WACS_FPRC_RETU_SY_01.23.3002.iar.yaml,TSGT_ORAC_UTIL_WACS_FPRC_RETU_SY|01.23.3002,TSGT_ORAC_UTIL_WACS_FPRC_RETU_SY,TSGT Oracle Utilities WACS FPRC Returns Sync,01.23.3002,getProcessErrors(i2),Adapter_Invoke,,,,,OUTL-BRT-ERPCLOUD_WACSFPRC,getProcessErrors,
TSGT_ORAC_UTIL_WACS_FPRC_RETU_SY_01.23.3002.iar.yaml,TSGT_ORAC_UTIL_WACS_FPRC_RETU_SY|01.23.3002,TSGT_ORAC_UTIL_WACS_FPRC_RETU_SY,TSGT Oracle Utilities WACS FPRC Returns Sync,01.23.3002,returnReceipts(i1),Adapter_Invoke,,,,,OUTL-BRT-ERPCLOUD_WACSFPRC,returnReceipts,
TSGT_OUTIL_FPRC_WACS_INVOICE_APP_01.23.3002.iar.yaml,TSGT_OUTIL_FPRC_WACS_INVOICE_APP|01.23.3002,TSGT_OUTIL_FPRC_WACS_INVOICE_APP,TSGT Oracle Utilities FPRC WACS Invoice_Approved,01.23.3002,GetInvoiceDistributionDFF(i4),Adapter_Invoke,,,,,OUTL-BRT-ERPCLOUD_WACSFPRC,GetInvoiceDistributionDFF,
TSGT_OUTIL_FPRC_WACS_INVOICE_APP_01.23.3002.iar.yaml,TSGT_OUTIL_FPRC_WACS_INVOICE_APP|01.23.3002,TSGT_OUTIL_FPRC_WACS_INVOICE_APP,TSGT Oracle Utilities FPRC WACS Invoice_Approved,01.23.3002,GetInvoiceInfo(i1),Adapter_Invoke,,,,,OUTL-BRT-ERPCLOUD_WACSFPRC,GetInvoiceInfo,
TSGT_OUTIL_FPRC_WACS_INVOICE_APP_01.23.3002.iar.yaml,TSGT_OUTIL_FPRC_WACS_INVOICE_APP|01.23.3002,TSGT_OUTIL_FPRC_WACS_INVOICE_APP,TSGT Oracle Utilities FPRC WACS Invoice_Approved,01.23.3002,GetInvoiceTransTaxLines(i0),Adapter_Invoke,,,,,OUTL-BRT-ERPCLOUD_WACSFPRC,GetInvoiceTransTaxLines,
TSGT_OUTIL_FPRC_WACS_INVOICE_APP_01.23.3002.iar.yaml,TSGT_OUTIL_FPRC_WACS_INVOICE_APP|01.23.3002,TSGT_OUTIL_FPRC_WACS_INVOICE_APP,TSGT Oracle Utilities FPRC WACS Invoice_Approved,01.23.3002,GetInvoiceTransTaxLines2(i3),Adapter_Invoke,,,,,OUTL-BRT-ERPCLOUD_WACSFPRC,GetInvoiceTransTaxLines2,
TSGT_OUTIL_FPRC_WACS_INVOICE_APP_01.23.3002.iar.yaml,TSGT_OUTIL_FPRC_WACS_INVOICE_APP|01.23.3002,TSGT_OUTIL_FPRC_WACS_INVOICE_APP,TSGT Oracle Utilities FPRC WACS Invoice_Approved,01.23.3002,WACS_InvoiceSync(i2),Adapter_Invoke,,,,https://us-phoenix-1.utilities-cloud.oracleindustry.com:443/c2g65p/prod/wac/rest/apis/asset/purchasing/invoiceSynchronization/,OUTL-BRT-REST-WACS_WACSFPRC,WACS_InvoiceSync,
TSGT_OUTIL_FPRC_WACS_INVOICE_APP_01.23.3002.iar.yaml,TSGT_OUTIL_FPRC_WACS_INVOICE_APP|01.23.3002,TSGT_OUTIL_FPRC_WACS_INVOICE_APP,TSGT Oracle Utilities FPRC WACS Invoice_Approved,01.23.3002,checkPOExistInWACS(i5),Adapter_Invoke,,,,https://us-phoenix-1.utilities-cloud.oracleindustry.com:443/c2g65p/prod/wac/rest/apis/cm/purchasing/purchaseOrderExists/,OUTL-BRT-REST-WACS_WACSFPRC,checkPOExistInWACS,
TSGT_OUTL_FPRC_WACS_PO_SYNC_01.23.3007.iar.yaml,TSGT_OUTL_FPRC_WACS_PO_SYNC|01.23.3007,TSGT_OUTL_FPRC_WACS_PO_SYNC,TSGT Oracle Utilities FPRC WACS Purchase Order,01.23.3007,WACS_PO_Sync(i1),Adapter_Invoke,,,,,OUTL-BRT-SOAP-WACS_WACSOFSC,WACS_PO_Sync,
TSGT_OUTL_FPRC_WACS_PO_SYNC_01.23.3007.iar.yaml,TSGT_OUTL_FPRC_WACS_PO_SYNC|01.23.3007,TSGT_OUTL_FPRC_WACS_PO_SYNC,TSGT Oracle Utilities FPRC WACS Purchase Order,01.23.3007,getPRHeaderDetails(i0),Adapter_Invoke,,,,https://us-phoenix-1.utilities-cloud.oracleindustry.com:443/c2g65p/prod/wac/rest/apis/cm/purchasing/PRHeader/{prid},ORAC_UTIL_REST_WACS_FOR_OFSC_WAC,getPRHeaderDetails,
TSGT_OU_OFSC_WACS_RESO_USAG_DETA_01.24.0001.iar.yaml,TSGT_OU_OFSC_WACS_RESO_USAG_DETA|01.24.0001,TSGT_OU_OFSC_WACS_RESO_USAG_DETA,TSGT OU OFSC WACS Resource Usage Details,01.24.0001,invokeOtherUsageDetails(i2),Adapter_Invoke,,,,,OUTL-BRT-SOAP-WACS_WACSOFSC,invokeOtherUsageDetails,
TSGT_OU_OFSC_WACS_RESO_USAG_DETA_01.24.0001.iar.yaml,TSGT_OU_OFSC_WACS_RESO_USAG_DETA|01.24.0001,TSGT_OU_OFSC_WACS_RESO_USAG_DETA,TSGT OU OFSC WACS Resource Usage Details,01.24.0001,invokeWAMEquipment(i1),Adapter_Invoke,,,,,OUTL-BRT-SOAP-WACS_WACSOFSC,invokeWAMEquipment,
TSGT_OU_OFSC_WACS_RESO_USAG_DETA_01.24.0001.iar.yaml,TSGT_OU_OFSC_WACS_RESO_USAG_DETA|01.24.0001,TSGT_OU_OFSC_WACS_RESO_USAG_DETA,TSGT OU OFSC WACS Resource Usage Details,01.24.0001,invokeWAMResource(i0),Adapter_Invoke,,,,,OUTL-BRT-SOAP-WACS_WACSOFSC,invokeWAMResource,
TSGT_PROJEC_CAPITA_BURDEN_CORREC_01.00.0000.iar.yaml,TSGT_PROJEC_CAPITA_BURDEN_CORREC|01.00.0000,TSGT_PROJEC_CAPITA_BURDEN_CORREC,TSGT Project Capitalizable Burden Correction,01.00.0000,CallExpIDLevelReport(i2),Adapter_Invoke,,,,,TSGTSOAPERPBIP_CONN,CallExpIDLevelReport,
TSGT_PROJEC_CAPITA_BURDEN_CORREC_01.00.0000.iar.yaml,TSGT_PROJEC_CAPITA_BURDEN_CORREC|01.00.0000,TSGT_PROJEC_CAPITA_BURDEN_CORREC,TSGT Project Capitalizable Burden Correction,01.00.0000,CallFBDIProcess(i4),Adapter_Invoke,,,,,TSGTERPCLOUD_CONN,CallFBDIProcess,
TSGT_PROJEC_CAPITA_BURDEN_CORREC_01.00.0000.iar.yaml,TSGT_PROJEC_CAPITA_BURDEN_CORREC|01.00.0000,TSGT_PROJEC_CAPITA_BURDEN_CORREC,TSGT Project Capitalizable Burden Correction,01.00.0000,Callexptypelevelreport(i0),Adapter_Invoke,,,,,TSGTSOAPERPBIP_CONN,Callexptypelevelreport,
TSGT_PROJEC_CAPITA_BURDEN_CORREC_01.00.0000.iar.yaml,TSGT_PROJEC_CAPITA_BURDEN_CORREC|01.00.0000,TSGT_PROJEC_CAPITA_BURDEN_CORREC,TSGT Project Capitalizable Burden Correction,01.00.0000,callgetgldaterep(i1),Adapter_Invoke,,,,,TSGTSOAPERPBIP_CONN,callgetgldaterep,
TSGT_PROJEC_CAPITA_BURDEN_CORREC_01.00.0000.iar.yaml,TSGT_PROJEC_CAPITA_BURDEN_CORREC|01.00.0000,TSGT_PROJEC_CAPITA_BURDEN_CORREC,TSGT Project Capitalizable Burden Correction,01.00.0000,writeexpitemlevelreporttoSFTP(i3),Adapter_Invoke,,,,,TSGTFTP_CONN,writeexpitemlevelreporttoSFTP,
TSGT_SCM_TO_WACS_UNIFER_PO_SYNC_01.01.0000.iar.yaml,TSGT_SCM_TO_WACS_UNIFER_PO_SYNC|01.01.0000,TSGT_SCM_TO_WACS_UNIFER_PO_SYNC,TSGT SCM To WACS Unifier Purchase order Sync,01.01.0000,WACS-PO-Sync(i0),Adapter_Invoke,,,,,OUTL-BRT-SOAP-WACS_WACSOFSC,WACS-PO-Sync,
TSGT_SYNC_EMPLO_WACS_TO_OFSC_01.01.0001.iar.yaml,TSGT_SYNC_EMPLO_WACS_TO_OFSC|01.01.0001,TSGT_SYNC_EMPLO_WACS_TO_OFSC,TSGT Sync Employee WACS To OFSC,01.01.0001,createResourceInOFSC(i1),Adapter_Invoke,,,,https://tsgt.fs.ocs.oraclecloud.com/rest/ofscCore/v1/resources/{resourceId},OUTL-BRT-APP-OFSC_WACSOFSC,createResourceInOFSC,
TSGT_SYNC_EMPLO_WACS_TO_OFSC_01.01.0001.iar.yaml,TSGT_SYNC_EMPLO_WACS_TO_OFSC|01.01.0001,TSGT_SYNC_EMPLO_WACS_TO_OFSC,TSGT Sync Employee WACS To OFSC,01.01.0001,createResourceLocation(i3),Adapter_Invoke,,,,https://tsgt.fs.ocs.oraclecloud.com/rest/ofscCore/v1/resources/{resourceId}/locations,OUTL-BRT-APP-OFSC_WACSOFSC,createResourceLocation,
TSGT_SYNC_EMPLO_WACS_TO_OFSC_01.01.0001.iar.yaml,TSGT_SYNC_EMPLO_WACS_TO_OFSC|01.01.0001,TSGT_SYNC_EMPLO_WACS_TO_OFSC,TSGT Sync Employee WACS To OFSC,01.01.0001,getResourceLocations(i5),Adapter_Invoke,,,,https://tsgt.fs.ocs.oraclecloud.com/rest/ofscCore/v1/resources/{resourceId}/locations,OUTL-BRT-APP-OFSC_WACSOFSC,getResourceLocations,
TSGT_SYNC_EMPLO_WACS_TO_OFSC_01.01.0001.iar.yaml,TSGT_SYNC_EMPLO_WACS_TO_OFSC|01.01.0001,TSGT_SYNC_EMPLO_WACS_TO_OFSC,TSGT Sync Employee WACS To OFSC,01.01.0001,getResourceLocations_OFSC(i6),Adapter_Invoke,,,,https://tsgt.fs.ocs.oraclecloud.com/rest/ofscCore/v1/resources/{resourceId}/locations,OUTL-BRT-APP-OFSC_WACSOFSC,getResourceLocations_OFSC,
TSGT_SYNC_EMPLO_WACS_TO_OFSC_01.01.0001.iar.yaml,TSGT_SYNC_EMPLO_WACS_TO_OFSC|01.01.0001,TSGT_SYNC_EMPLO_WACS_TO_OFSC,TSGT Sync Employee WACS To OFSC,01.01.0001,invokecCreateUserInOFSC(i0),Adapter_Invoke,,,,https://tsgt.fs.ocs.oraclecloud.com/rest/ofscCore/v1/users/{login},OUTL-BRT-APP-OFSC_WACSOFSC,invokecCreateUserInOFSC,
TSGT_SYNC_EMPLO_WACS_TO_OFSC_01.01.0001.iar.yaml,TSGT_SYNC_EMPLO_WACS_TO_OFSC|01.01.0001,TSGT_SYNC_EMPLO_WACS_TO_OFSC,TSGT Sync Employee WACS To OFSC,01.01.0001,setResourceLocation(i4),Adapter_Invoke,,,,https://tsgt.fs.ocs.oraclecloud.com/rest/ofscCore/v1/resources/{resourceId}/assignedLocations,OUTL-BRT-APP-OFSC_WACSOFSC,setResourceLocation,
TSGT_SYNC_EMPLO_WACS_TO_OFSC_01.01.0001.iar.yaml,TSGT_SYNC_EMPLO_WACS_TO_OFSC|01.01.0001,TSGT_SYNC_EMPLO_WACS_TO_OFSC,TSGT Sync Employee WACS To OFSC,01.01.0001,setWorkSkillsInOFSC(i2),Adapter_Invoke,,,,/rest/ofscCore/v1/resources/{resourceId}/workSkills,TSGT_OFSC_REST_FOR_WACS_OFSC,setWorkSkillsInOFSC,
TSGT_SYNC_EMPLO_WACS_TO_OFSC_01.01.0001.iar.yaml,TSGT_SYNC_EMPLO_WACS_TO_OFSC|01.01.0001,TSGT_SYNC_EMPLO_WACS_TO_OFSC,TSGT Sync Employee WACS To OFSC,01.01.0001,updatedResourceLocation(i7),Adapter_Invoke,,,,https://tsgt.fs.ocs.oraclecloud.com/rest/ofscCore/v1/resources/{resourceId}/locations/{locationId},OUTL-BRT-APP-OFSC_WACSOFSC,updatedResourceLocation,
