DVM,TSGTCmnMsgCode_LKP,,
MessageCode,MessageDescr,Comments
TSGT_NODATA_FOUND,No Data Found in the file extracted from ERP,
TSGT_DEFAULT_MSGCODE,"Message code,EmailValues and mandatory values are missing",
TSGT_FILE_SUBMITTED_TO_ERP,Posted Files Submitted to ERP. Processing Results will be sent via Email,
TSGT_FILE_NOT_FOUND,"File Not Found in SFTP. File Pattern : %1, Filepath : %2",used in the Inbound Launcher
TSGT_AR_AUTOINVOICE_IMPORT_FAILED,AR AutoInvoice Import Failed. Please check in ERP cloud for Error Details,
TSGT_VALIDATION_SUCCEEDED,File Successfully passed the validation and submitted to ERP for processing,
TSGT_NODATAFILE_RECEIVED,Data Extract process did not return any Report Data file,
TSGT_SYSTEM_ERROR,System Error :,
TSGT_NODOCID_RECEIVED,Data Extract process did not return any Document ID,
TSGT_CONNECTION_FAILED,Connection to TSGT On-Premise Database Failed,
TSGT_APINVOICE_FAILEDREC_EXTRACT,AP Invoice Rejected invoice extract details,
TSGT_DATA_INSERT_FAILED,Data insertion to ATP failed,
TSGT_AP_SUCCESS,AP Invoice inbound integration is completed successfully,
TSGT_AP_ERROR,AP Invoice inbound integration is errored,
TSGT_DATA_UPDATE_FAILED,Update to the ATP Failed,
TSGT_VALIDATION_FAILED,Validation failed. File : %1 is not submitted to ERP for processing,
TSGT_PAYMENT_MERGE_SUCCESS,Payment Merge Outbound Integration is completed successfully,
TSGT_PAYMENT_MERGE_ERROR,Payment Merge Outbound Integration is errored,
TSGT_GL_FILE_NOT_FOUND,GL Exchange Rates File Not Found in Azure,
TSGT_CMN_SFTP_DISPATCHER_SUCCESS,SFTP Dispatcher Outbound Integration is completed successfully.,
TSGT_CMN_SFTP_DISPATCHER_ERROR,SFTP Dispatcher Outbound Integration is errored.,
TSGT_CMN_DATASYNC_DISPATCHER_SUCCESS,DataSync Dispatcher Outbound Integration is completed successfully,
TSGT_CMN_DATASYNC_DISPATCHER_ERROR,DataSync Dispatcher Outbound Integration is errored.,
TSGT_CMN_OSS_ORCHESTRATION_ERROR,OSS Orchestration Integration is errored,
TSGT_CMN_ORCHESTRATION_SUCCESS,OSS Orchestration Integration is completed successfully,
TSGT_ESS_JOB_ERROR,Error in ESS Job,
TSGT_FAH_COA_IMPORT_ERROR,EDMCS FAH Import completed with Error.,
TSGT_FG_DISPATCHER_SUCCESS,FieldGlass Dispatcher Outbound Integration is completed successfully,
TSGT_FG_DISPATCHER_ERROR,FieldGlass Dispatcher Outbound Integration is errored.,
TSGT_FA_TO_PA_SUCCESS,Fixed Assets To Projects Integration is completed successfully,
TSGT_FA_TO_PA_ERROR,Fixed Assets To Projects Integration is errored.,
TSGT_CN_DISPATCHER_SUCCESS,Concur Dispatcher Outbound Integration is completed successfully,
TSGT_CN_DISPATCHER_ERROR,Concur Dispatcher Outbound Integration is errored.,
TSGT_CPQ_ITEMSTRUCTURE_SYNC_SUCCESS,CPQ Item Structure Outbound Integration is completed successfully.,
TSGT_BOL_ITEMSTRUCTURE_SYNC_SUCCESS,BOL Item Structure Outbound Integration is completed successfully.,
TSGT_CMN_GETUCM_FILE_FAILED,Error!failed to get the UCM FILE for %1,
TSGT_AP_MEDIATOR_UPDATE_LOGGER_ERROR,Error Occurred while Updating Logger.,
TSGT_AP_MEDIATOR_GET_METADATA_ERROR,Error Occurred while Extracting Metadata.,
TSGT_AP_MEDIATOR_INTG_TRACKER_ERROR,Error Occurred while Getting Status Of Integration Flow.,
TSGT_AP_MEDIATOR_FILE_PROCESS_ERROR,Error Occurred while File Processed From Object Storage to Stage.,
TSGT_AP_MEDIATOR_DATA_PROCESS_ERROR_FROM_STG_TO_FBDI,Error Occurred while Transforming Data From Stage to FBDI Table.,
TSGT_AP_MEDIATOR_UPDATE_METADATA_ERROR,Error Occurred while Updating Metadata.,
TSGT_AP_MEDIATOR_ORSTRATION_INVOCATION_ERROR,Error Occurred while Invoking Orchestration Service.,
TSGT_AP_MEDIATOR_ERRORHANDLER_PROCESS_ERROR_FROM_STG_TO_FBDI,Error Occurred while Invoking Error Handler Process From Stage to FBDI Table.,
TSGT_AP_MEDIATOR_ERRORHANDLER_PROCESS_ERROR,Error Occurred while Invoking Error Handler Process From Object Storage to Stage.,
TSGT_AP_MEDIATOR_ERRORHANDLER_PROCESS_INTG_TRACKER_ERROR,Error Occurred while Invoking Error Handler Process For Failure Status Of Integration Flow.,
TSGT_CMN_ORCHESTRATOR_GET_TRACKING_DETAIL_ERROR,Error Occurred while Getting Tracking Detail.,
TSGT_CMN_ORCHESTRATOR_INVOKE_LOGGING_SERVICE_ERROR,Error Occurred while Invoking Logging Service.,
TSGT_CMN_ORCHESTRATOR_UPDATE_TRACKING_OR_GETTING_METADATA_ERROR,Error Occurred while Updating Tracking Service OR Getting Metadata Detaiils.,
TSGT_CMN_ORCHESTRATOR_UPDATE_METADATA_ERROR,Error Occurred while Updating Metadata Error Status.,
TSGT_AP_ORCHESTRATOR_GET_FBDI_IMPORT_ERROR,Error Occurred while Getting FBDI Files and Importing to Cloud.,
TSGT_CMN_ORCHESTRATOR_UPDATE_ESSJOBID_TRACKING_ERROR,Error Occurred while Updating ESSJOB Id in ATP.,
TSGT_CMN_ORCHESTRATOR_UPDATE_NO_ESSJOBID_TRACKING_ERROR,Error Occurred while Updating No ESSJOB Id in ATP.,
TSGT_CMN_ORCHESTRATOR_DOWNLOAD_ESSJOB_OR_WRITETOSFTP_OR_NOTIFY_ERROR,Error Occurred while Downloading ESS Job OR Moving LogFile To Sftp OR Notifying Error.,
TSGT_CMN_ORCHESTRATOR_LOGGER_INVOCATION_ERROR,Error Occurred while Invoking Logger Service.,
TSGT_CMN_SFTP_DISPATCHER_GET_FILENAME,Error Occurred while Retrieving File Name.,
TSGT_CMN_SFTP_DISPATCHER_GET_FILE_FROM_UCM,Error Occurred while Retrieving File from UCM Server.,
TSGT_CMN_SFTP_DISPATCHER_WRITE_FILE_TO_SFTP,Error Occurred while Writing File to SFTP Server.,
TSGT_CMN_SFTP_DISPATCHER_DELETE_FILE_FROM_UCM,Error Occurred while Deleting File from UCM Server.,
TSGT_CMN_SFTP_DISPATCHER_UPDATE_TRIGGER_SUCCESS,Error Occurred while Updating trigger status as success.,
TSGT_CMN_SFTP_DISPATCHER_UPDATE_TRIGGER_ERROR,Error Occurred while Updating trigger status as error.,
TSGT_CMN_ERP_BULK_EXPORT_INITIATED,Bulk Export Job Initiated,used in the TSGT_CMN_OIC_LAUNCH_SERVICE_OB
TSGT_CMN_ERP_BULK_EXPORT_ERROR,Bulk Export Job Error,used in TSGT_CMN_OIC_LAUNCH_SERVICE_OB
TSGT_CMN_ERP_BULK_EXPORT_INACTIVE,Integration is Inactive or not defined,used in TSGT_CMN_OIC_LAUNCH_SERVICE_OB
TSGT_CMN_NO_INTEGRATION_TO_RUN,No integration to run,used in TSGT_CMN_OIC_LAUNCH_SERVICE_OB
TSGT_CMN_INVALID_PARAM,Invalid value for the  Param %1,used in TSGT_CMN_OIC_LAUNCH_SERVICE_OB
TSGT_CMN_ERP_BULK_EXPORT_EXTRACT_FAILED,Integration Name %1 : Outbound Extract ended in Status %2. Refer to the logs,used in TSGT_CMN_OIC_CALLBACK_SERVICE_OB service
TSGT_CMN_ERP_BULK_EXPORT_ESSJOBNAME_NOTFOUND,ESSJOB name not found.,used in TSGT_CMN_OIC_CALLBACK_SERVICE_OB service
TSGT_CMN_ERP_BULK_EXPORT_DISPATCHER_TIRG_SUCCESS,Dispatcher Process Successfully triggered,used in TSGT_CMN_OIC_CALLBACK_SERVICE_OB service
TSGT_CMN_ERP_BULK_EXPORT_DISPATCHER_TIRG_ERROR,Dispatcher Process trigger in Error Status,used in TSGT_CMN_OIC_CALLBACK_SERVICE_OB service
TSGT_FILE_NOT_FOUND_IN_UCM,No files found from the Extract,used in TSGT_CMN_OIC_SFTP_DISPATCH_SERVICE
TSGT_FILETYPE_NOT_FOUND_IN_UCM,File Type %1 not found from the Extract,used in TSGT_CMN_OIC_SFTP_DISPATCH_SERVICE
TSGT_CMN_CONFIGURATION_MISSING,%1 not configured for the integration %1,used in TSGT_CMN_OIC_SFTP_DISPATCH_SERVICE
TSGT_CMN_SFTP_DISPATCHER_FILE_FROM_UCM,Error Occurred while retrieving File UCM Server.,used in TSGT_CMN_OIC_SFTP_DISPATCH_SERVICE
TSGT_CMN_SFTP_DISPATCHER_NOTIFICATION,Error Occurred while invoking Common Notification service File UCM Server.,used in TSGT_CMN_OIC_SFTP_DISPATCH_SERVICE
TSGT_CMN_FILE_NOT_FOUND,"File Not Found in %1 : File name : %2, Filepath : %3",used in TSGT_CMN_OIC_LAUNCH_SERVICE_IB
TSGT_CMN_ERP_BULK_IMPORT_FAILED,Integration Name %1 : Inbound Trigger in Status %2. Refer to the logs,
TSGT_CMN_OIC_CB_GETESSJOBNAME_SCOPE,Error Occurred while retrieving ESS Job Name.,used in TSGT_CMN_OIC_CALLBACK_SERVICE_OB
TSGT_CMN_OIC_CB_GETINT_METADATA_SCOPE,Error Occurred while retrieving Outbound Metadata.,used in TSGT_CMN_OIC_CALLBACK_SERVICE_OB
TSGT_CMN_OIC_CB_INVOKE_DISPATCHER_SCOPE,Error Occurred while Invoking Dispatcher Service.,used in TSGT_CMN_OIC_CALLBACK_SERVICE_OB
TSGT_CMN_FILE_PROCESSING_ERROR,Error Occurred while Processing File in Inbound Service.,used in TSGT_CMN_OIC_LAUNCH_SERVICE_IB
TSGT_CMN_FILE_PROCESSING_SUCCESS,Inbound Process Triggered Successfully for File name : %1,used in TSGT_CMN_OIC_LAUNCH_SERVICE_IB
TSGT_CMN_OIC_INBOUND_INACTIVE,Integration is Inactive or not defined,used in TSGT_CMN_OIC_LAUNCH_SERVICE_IB
TSGT_GL_JOURNAL_IMPORT_FAILED,Error Occurred while Importing GL Journal Inbound Process,used in TSGT_CMN_OIC_LAUNCH_SERVICE_IB
TSGT_GL_EMAIL_BODY_HEADER,GL JOURNAL INBOUND IMPORT,used in TSGT_CMN_OIC_GL_CALLBACK_SERVICE_IB
TSGT_GL_SOURCE_FILE_VALIDATION_ERROR,Error Occurred while Validating Source File in Inbound Service.,used in TSGT_CMN_OIC_GL_VALTRANS_SERVICE_IB
TSGT_GL_VALIDATION_ERROR,Error Occurred while Validating Source File in Inbound Service.,used in TSGT_CMN_OIC_GL_VALTRANS_SERVICE_IB
TSGT_GL_TRANSFORMATION_ERROR,Error Occurred while Transforming and Preparing FBDI File in Inbound Service.,used in TSGT_CMN_OIC_GL_VALTRANS_SERVICE_IB
TSGT_GL_VALIDATION_TRANSFORMATION_ERROR,Error Occurred while Preparing FBDI File in Inbound Service,
TSGT_GL_FBDI_FILE_NOT_FOUND,GL FBDI File not found or Error Occurred while importing to Cloud,used in TSGT_CMN_OIC_ERPTRIGGER_SERVICE_IB
TSGT_AP_FBDI_FILE_NOT_FOUND,AP FBDI File not found or Error Occurred while importing to Cloud,used in TSGT_CMN_OIC_ERPTRIGGER_SERVICE_IB
TSGT_GL_FBDI_FILE_IMPORT_SUCCESS,GL FBDI File Imported to Cloud successfully,used in TSGT_CMN_OIC_ERPTRIGGER_SERVICE_IB
TSGT_AP_FBDI_FILE_IMPORT_SUCCESS,AP FBDI File Imported to Cloud successfully,used in TSGT_CMN_OIC_ERPTRIGGER_SERVICE_IB
TSGT_CMN_PAYLOAD_MISSING,Payload field value %1 missing,used in TSGT_VAL_TRANSFORM_IB
TSGT_USER_ERROR,User Error,
TSGT_NO_RECORDS_RETRIEVED,No Records Retrieved for the Integration: %1,used in TSGT_CMN_OIC_SFTP_DISPATCHER_SERVICE
TSGT_CMN_NO_INTEGRATION_FOUND,The Integration Identifier : %1 is either Inactive or not defined in Metadata,used in TSGT_CMN_OIC_LAUNCH_SERVICE_OB
TSGT_CMN_NO_DATA_FOUND,No Data Found,
TSGT_CMN_ORCHESTRATOR_GENERATE_FBDI_ERROR,Error Occurred while Preparing FBDI,TSGT_CMN_ORCHESTRATION_SERVICE_IB
TSGT_CMN_ORCHESTRATOR_SUCCESS,File is Imported to Cloud Successfully.,TSGT_CMN_ORCHESTRATION_SERVICE_IB
TSGT_CMN_TRIGGER_INFO_NOT_FOUND,Trigger information  not found for the trigger ID %1 in the DB,
TSGT_CMN_UCM_CONTENT_NOT_FOUND,UCM content not found,
TSGT_GL_MEDIATOR_NO_DIST_LIST_ERROR,Unable to fetch the Distribution List,
TSGT_GL_MEDIATOR_LOG_METADATA_DISTLIST_ERROR,Error Occured while Updating Logger or Fetching Metadata or Distribution List,
TSGT_GL_MEDIATOR_INTG_TRACKER_UPDATE_ERROR,Error Occurred while Updating Status Of Integration Flow,
TSGT_GL_MEDIATOR_INSERT_STG_SERVICE_ERROR,Error Occurred while inserting the data from File to Stage in the Insert Stage Service,
TSGT_GL_MEDIATOR_FILE_PROCESS_ERROR,Error Occurred while File Processed From Object Storage to Stage,
TSGT_GL_MEDIATOR_DS_SFTP_RETRIEVE_ERROR,Error Occured while fetching the file from SFTP Location,
TSGT_GL_MEDIATOR_DS_FILE_TO_STG_ERROR,Error Occured while processing the file and inserting to Stagging Area,
TSGT_GL_MEDIATOR_DS_NO_DATA_FOUND_ERROR,Error Occured as their are no valid records found in File,
TSGT_CMN_MEDIATOR_PROCESSING_SUCCESS,%1 Inbound FBDI Data Prepared Successfully,
TSGT_NO_RECORDS_IN_EXTRACTFILE,No Data Found in the file extracted from ERP,
TSGT_CMN_NOESS_JOB_FOUND,ESS JOB ID Not Found in Outbound CallBack: %1,TSGT_CMN_CALLBACK_SERVICE_OB
TSGT_CMN_SYSTEM_ERROR,TSGT System Error : %1,TSGT_CMN_CALLBACK_SERVICE_OB
TSGT_CMN_GET_TRIGGER_DETAILS,Error in Get Trigger Details Scope,TSGT_CMN_CALLBACK_SERVICE_OB
TSGT_CMN_UCM_FILE_NOT_FOUND,"Outbound File Not Found, ESS JOB ID  :%1",TSGT_CMN_CALLBACK_SERVICE_OB
TSGT_CMN_UCM_FILE_ERROR,Error in Get File From UCM Scope,TSGT_CMN_CALLBACK_SERVICE_OB
TSGT_CMN_DISPATCHER_ERROR,Error in Invoking Dispatcher Service Scope,TSGT_CMN_CALLBACK_SERVICE_OB
TSGT_CMN_MEDIATOR_TRANSFORMATION_ERROR,Error Occurred While Preparing FBDI Data For The File name : %1,
TSGT_CMN_ESS_JOBERROR,ESS %1 Job ended in Error Status for the integration %2,used in TSGT_CMN_CALLBACK_SERVICE_OB
TSGT_CMN_CHECK_JOB_STATUS_PROCESSING_ERROR,Error Occurred,
TSGT_CMN_CHECK_JOB_STATUS_PROCESSING_SUCCESS,Processed Successfully,
TSGT_CMN_PAYMENTDOC_MOVEFILES_TO_ONBASE_ERROR,Error Occurred While Moving Payment Documents to Onbase,Used in OB15 - Transfer checks and payment register to onbase
TSGT_CMN_PAYMENTDOC_MOVEFILES_TO_ONBASE_SUCCESS,Payment Documents to Onbase Processed Successfully,Used in OB15 - Transfer checks and payment register to onbase
TSGT_CMN_PAYMENTDOC_DELETEFILES_SUCCESS,Payment Documents Removed Successfully,Used in OB15 - Transfer checks and payment register to onbase
TSGT_CMN_PAYMENTDOC_JOBSET_PROCESSING_ERROR,Error Occurred While Invoking Payment Documents JobSet,Used in OB15 - Transfer checks and payment register to onbase
TSGT_CMN_PAYMENTREGISTER_MASTER_JOB_PROCESSING_ERROR,Error Occurred While Invoking Payment Documents Payment Register Master Job,Used in OB15 - Transfer checks and payment register to onbase
TSGT_CMN_PAYMENTREGISTER_INDEX_JOB_PROCESSING_ERROR,Error Occurred While Invoking Payment Documents Payment Register Index Job,Used in OB15 - Transfer checks and payment register to onbase
TSGT_CMN_PAYMENTDOC_PROCESSING_STATUS_TO_ONBASE,Payment Documents to Onbase Processed Status,Used in OB15 - Transfer checks and payment register to onbase
TSGT_CMN_PAYMENTDOC_PROCESSING_ERROR_TO_ONBASE,Error Occurred While Processing Payment Documents to Onbase,Used in OB15 - Transfer checks and payment register to onbase
TSGT_CMN_CHECK_JOB_STATUS_PROCESSING_TIMEOUT,Timeout Occurred while checking the ESS Job Status,
TSGT_CMN_PAYMENTDOC_DELETEFILES_ERROR,Unable to move the files to OnBase.,Used in OB15 - Transfer checks and payment register to onbase
TSGT_CMN_PAYMENTDOC_NO_RECORDS_IN_EXTRACTFILE,No Data Found To Process The Payment Documents to Onbase.,used in OB20 - Expense attachments to Onbase
TSGT_CMN_IEXPENSEDOC_NO_ATTACHMENTS_IN_REPORT_EXTRACTFILE,No attachment file exists on header for Travel or Miscellaneous or Local Vicinity Report.,used in OB20 - Expense attachments to Onbase
TSGT_CMN_IEXPENSEDOC_MORE_THAN_ONE_ATTACHMENTS_IN_REPORT_EXTRACTFILE,More than 1 document exists on header for Travel or Miscellaneous or Local Vicinity Report.,used in OB20 - Expense attachments to Onbase
TSGT_CMN_IEXPENSEDOC_INVALID_ATTACHMENTS_IN_EXTRACTFILE,Invalid attachment file extension.,used in OB20 - Expense attachments to Onbase
TSGT_CMN_IEXPENSEDOC_NO_ATTACHMENTS_IN_ATTACHMENTS_EXTRACTFILE,No attachment file exists on line for P-Card.,used in OB20 - Expense attachments to Onbase
TSGT_CMN_IEXPENSEDOC_MORE_THAN_ONE_ATTACHMENTS_IN_ATTACHMENTS_EXTRACTFILE,More than 1 document exists on line for P-Card.,used in OB20 - Expense attachments to Onbase
TSGT_CMN_IEXPENSEDOC_MULTIPLE_EXPTMPT_INLINES,Invalid Expense ! Multiple Expense template exists in the line.,used in OB20 - Expense attachments to Onbase
TSGT_CMN_IEXPENSEDOC_INVALID_TEMPLATES,Invalid Templates for Expense Attachments!. Valid Templates : LOCAL VICINITY/MISC/TRAVEL/PCARD,used in OB20 - Expense attachments to Onbase
TSGT_CMN_MV_PODOC_INDEX_TEMP_ERR,Exception Occurred while posting PO Document and Index file to Temp Location,used in OB18
TSGT_CMN_MV_PODOC_ONBASE_ERR,Exception Occurred while posting PO Document and Index file to OnBase,used in OB18
TSGT_CMN_HTML_BODY_ERROR,Exception Occurred while creating HTML Notification,
TSGT_CMN_DNP_FILE_CHECK,No Records found in the ERP Extract.,
TSGT_CMN_DOC_TO_TEMP_SUCCESS,Successfully Posted the %1 to TEMP Directory,Used in the Onbase Integrations
TSGT_CMN_DOC_TO_ONBASE_SUCCESS,Successfully Posted the %1 to OnBase Directory,Used in the Onbase Integrations
TSGT_CMN_DOC_TO_TEMP_ERROR,Error Occurred While Posting %1 to TEMP Directory,Used in the Onbase Integrations
TSGT_CMN_DOC_TO_ONBASE_ERROR,Error Occurred While Posting %1 to OnBase Directory,Used in the Onbase Integrations
TSGT_CMN_DOC_DELETE_TEMP,Deleted the %1 from TEMP Directory,Used in the Onbase Integrations
TSGT_CMN_DOC_TO_ONBASE_ERP_ERROR,Error while submitting job %1 to ERP,Used in the Onbase Integrations
TSGT_CMN_DOC_TO_ONBASE_PROCESSING_ERROR,Error occurred while %1,Used in the Onbase Integrations
TSGT_CMN_ERP_UPDATE_SUCCESS,Update %1 Succeeded,Used to record the DFF update status in ERP - OnBase Integrations
TSGT_CMN_ERP_UPDATE_FAILED,Update %1 Failed,Used to record the DFF update status in ERP - OnBase  Integrations
TSGT_ADHOC_PROCESS_ERROR,Error while processing the ADHOC Request,
TSGT_WRAPPER_PROCESS_ERROR,Error While processing the WRAPPER Request,
TSGT_CNTY_INBOUND_SERVICE_INITIATED,Inbound Trigger Service Initiated,
TSGT_CNTY_OUTBOUND_SERVICE_INITIATED,Outbound Trigger Service Initiated,
TSGT_CMN_INVALID_DATA,Invalid Data %1,Used in data insert service
TSGT_AP_INVOICE_IMPORT_FAILED,Error Occurred while Importing AP Invoice Inbound Process,Used in AP Callback Service
TSGT_MEDIATOR_SUPPLIER_CREATE_OR_UPDATE_ERROR,Error Occurred while Creating Or Updating Supplier in Inbound Process,
TSGT_MEDIATOR_SUPPLIER_CREATE_OR_UPDATE_SUCCESS,Supplier Created Or Updated Successfully,
TSGT_MEDIATOR_SUPPLIER_VALIDATION_ERROR,Error Occurred while Validating Supplier in Inbound Process,
TSGT_MEDIATOR_SUPPLIER_VALIDATION_SUCCESS,Supplier Validated Successfully,
TSGT_NO_ESS_JOB_ID_FOUND,ESS Job ID not Provided in the input Parameters,used in ESS Log Output Service
TSGT_INVALID_ESS_JOB_ID,Invalid ESS Job ID is Passed,used in ESS Log Output Service
TSGT_CMN_ESS_JOB_FILE_STATUS,Log File Found : %1  Output File Found : %2,used in ESS Log Output Service
TSGT_CMN_METADATA_DATA_ISSUE,Matadata Information is Invalid or Missing. Details: %1,Meta data information missing
TSGT_MEDIATOR_DS_NO_DATA_FOUND_ERROR,Error Occurred as their are no valid records found in File,
TSGT_CNTY_EFTNACHA_DISPATCHER_SUCCESS,Nacha File Extraction Dispatcher Successfully Completed,used in OB26 Nacha File Dispatcher Service
TSGT_CNTY_EFTNACHA_DISPATCHER_ERROR,Exception Occurred while %1,used in OB26 Nacha File Dispatcher Service
TSGT_CNTY_EFTNACHA_FILE_SUCCESS,File posted to SFTP and %1,used in OB26 Nacha File Dispatcher Service
TSGT_NO_NACHA_FILES,No Nacha Files Found in ERP,Used in Nacha File Extract Dispatcher
TSGT_AP_INVOICE_VALIDATE_SYSTEM_ERROR,System Error Occurred While Invoking Import Validation process. Please refer to the Integration logs.,Used in AP Validate Service
TSGT_AP_INVOICE_VALIDATE_APPROVAL_IMPORT_DISABLED,Either Invoice Validation Process or Invoice approval process is disabled in the metadata configuration.,Used in AP Validate Service
TSGT_AP_INVOICE_VALIDATE_IMPORT_DISABLED,Invoice Validation Process is disabled in the metadata configuration.,Used in AP Validate Service
TSGT_PJCCOST_CALLBACK_REPORT_ERROR,Import Cost Report Partially Generated.,Used in PJCCOST Service
TSGT_CMN_ESSLASTRUN_ERROR,System Error occurred while updating the Last Run Date Time.,
TSGT_BANKSTMT_ERP_IMPORT_ERROR,Bank Statements Import Process Error in ERP.,Used in Bank Statement
TSGT_CMN_INVALID_NOTIFICATION_CATEGORY,Invalid Notification Category,Used in Notification Service
TSGT_CMN_NO_INTG_CODE_FOUND,No Metadata details found for the Integration Code,Used in Intg Services
TSGT_CMN_MEDIATOR_DATAINSERT_ERROR,Error Occurred While Inserting Data to Stage,Used in Common Mediator Service
TSGT_CMN_MEDIATOR_TIMEOUT_ERROR,Unable to get the data insert status. Wait time elapsed while getting the status. Either increase wait time or review data insert from the file to Stage tables(TSGT_CNTY_IBFILE_STAGE_TBL table),Used in Common Mediator Service
TSGT_CMN_ORCHESTRATOR_TIMEOUT_ERROR,Unable to get the Asset Comparison Job status. Wait time elapsed while getting the status. Either increase wait time or review Asset Comparison ESS Job from ERP Schedule Process.,Used in Common Orchestrator Service
TSGT_CMN_ORCHESTRATOR_ASSET_IMPORT_ERROR,Error While processing and importing Asset Comparison in ERP..,Used in Common Orchestrator Service
TSGT_PJCCOST_REPORT_GENERATION_ERROR,Exception Occurred while generating Consolidated Report,Used in PJCCOST Callback Service
TSGT_PJCCOST_ESS_PROCESSID_NOT_FOUND,Exception Occurred when Import Cost Export Output ESS Process ID not found,Used in PJCCOST Callback Service
TSGT_AP_REPORT_GENERATION_ERROR,Exception Occurred while generating Consolidated Report,Used in AP Callback Service
TSGT_AP_TRACKER_UPDATE_ERROR,Exception Occurred while Updating Tracker,Used in AP Callback Service
TSGT_BANKSTMT_TRACKER_UPDATE_ERROR,Exception Occurred while Updating Tracker Table,Used in Bank Statement Callback
TSGT_ASSET_REPORT_SERVICE_SUCCESS,Asset Processing Completed. Please see the Status in the Email Attached Report.,Used in Asset Report Service
TSGT_ASSET_REPORT_SERVICE_ERROR,Error Occured While %1,Used in Asset Report Service
TSGT_AP_ERP_BIP_REPORT_ERROR,Exception Occured while generating Interface Summary Report,Used in AP callback Service
TSGT_AP_ERP_STANDARD_REPORT_ERROR,Exception Occurred while generating Import Payables Invoices Report,Used in AP callback Service
TSGT_CMN_PORECEIPT_PROCESSING_ERROR_TO_ONBASE,Error Occurred While Updating Status of Processing POReceipts to Onbase.,Used in OB19 Dispatcher Service
TSGT_CMN_TIMEOUT_ERROR,Unable to get the data update status. Wait time elapsed while getting the status. Either increase wait time or review data from the trigger table(TSGT_FND_OB_INTG_TRIGGER table),Used in the Onbase Dispatcher Service
TSGT_CMN_NO_TRANSACTION_TYPE,Transaction Type not found,Used in the Callback Outbound Service
TSGT_CMN_INVALID_INTEGRATION_CODE,Invalid Integration Code,Used in Callback Outbound Service
TSGT_CMN_INVALID_SOURCE_NAME,Invalid Source Name,Used in Callback Outbound Service
TSGT_CMN_FILE_NOT_FOUND_IN_OBJECT_STORAGE,File not found in object storage. Please validate.,Used in the Dispatcher Service
TSGT_CMN_MOVE_FILE_FROM_BUCKET_TO_SFTP_SUCCESS,File uploaded to sftp path successfully.,Used in the Dispatcher Service
TSGT_CMN_MOVE_FILE_FROM_BUCKET_TO_SFTP_ERROR,Error occurred while uploading file to sftp path.,Used in the Dispatcher Service
TSGT_CMN_GET_METADATA_ERROR,Error occurred while getting the Metadata info.,Used in the Dispatcher Service
TSGT_CMN_ESS_JOB_ERROR_NO_DATA_TO_EXTRACT,ESS Job failed as there is no data to extract.,Used in the Callback Service
TSGT_CMN_METADATA_VALIDATION_FAILED,Error Occurred while validating metadata.,Used in the Dispatcher Service
TSGT_CMN_MOVEFILE_OBJECTSTORAGE_TO_SFTP_ERROR,Error while moving file from object storage to sftp path.,Used in the Dispatcher Service
TSGT_CMN_INTERFACE_IDENTIFIER_ERROR,Invalid Interface Identifier.,Used in Mediator Service
TSGT_CMN_INTEGRATION_TYPE_ERROR,Invalid Integration Type.,Used in Mediator Service
TSGT_CMN_MOVEFILE_FROM_SFTP_TO_OBJSTORAGE_SUCCESS,File uploaded to object storage successfully.,Used in Utility Service
TSGT_CMN_MOVEFILE_FROM_SFTP_TO_OBJSTORAGE_ERROR,Error occurred while uploading file to object storage.,Used in Utility Service
TSGT_CMN_FILE_NOT_FOUND_IN_SFTP_PATH,File not found in sftp path.,Used in Utility Service
TSGT_CMN_ESS_JOB_ERROR,ESS Job Import Error.,Used in Callback Service
TSGT_CMN_CALLBACK_SUCCESS,UCM file found. Moved to Object storage - Archive Bucket  successfully.,Used in Callback Service
TSGT_CMN_CALLBACK_ERROR,Callback error occurred. UCM file found. But failed to move to Archive.,Used in Callback Service
TSGT_CMN_NO_DOCID_FOUND,no document id found the BO,used in the republish service
TSGT_CMN_NO_TRANSACTION_ID_FOUND,No transaction Id found for this Job process.,used in Used in Callback Service Inbound
TSGT_CMN_MEDIATOR_DATAINSERT_SUCCESS,Inserted data to stage successfully.,used in Mediator Service
TSGT_CMN_MEDIATOR_TRANSFORMATION_SUCCESS,Data prepared successfully.,used in Mediator Service
TSGT_CMN_ORCHESTRATOR_INVOCATION_ERROR,Error while invoking orchestrator service.,used in Mediator Service
TSGT_CMN_GL_ORCHESTRATOR_TIMEOUT_ERROR,Unable to get the GL Job status. Wait time elapsed while getting the status. Either increase wait time or review ESS Job from ERP Schedule Process.,Used in GL Orchestrator Service
TSGT_CMN_FILENAME_NOT_FOUND,Original file name is not sent in the payload. Please validate.,Used in Reprocess Service
TSGT_CMN_MEDIATOR_INVOCATION_ERROR,Error while invoking mediator service.,used in Launcher Inbound Service
TSGT_CMN_GETESS_ERROR,Error while fetching ESS job details,Used in the GetESSoutputService Error
TSGT_CMN_FILE_MOVE_LOCAL_MACHINE_TO_SFTP_SUCCESS,File moved successfully from local machine to sftp path.,Used in Utility Upload Service
TSGT_CMN_FILE_MOVE_LOCAL_MACHINE_TO_SFTP_ERROR,Failed to move file from local machine to sftp path.,Used in Utility Upload Service
TSGT_CMN_FILE_ARCHIVE_ERROR,Failed to archive.,Used in Utility TSGTCmnSFTPFileOperation_Service
TSGT_CMN_FILE_ARCHIVE_SUCCESS,File archived successfully,Used in Utility TSGTCmnSFTPFileOperation_Service
TSGT_CMN_FILE_DELETE_SUCCESS,File deleted successfully,Used in Utility TSGTCmnSFTPFileOperation_Service
TSGT_CMN_FILE_DELETE_ERROR,File failed to delete. Please validate.,Used in Utility TSGTCmnSFTPFileOperation_Service
TSGT_CMN_UCM_FILE_FETCH_ERROR,Error Occurred while fetching the Document from UCM,Used in TSGTCmnUCMToObjectStorageMove_Service
TSGT_AR_INVOICE_IMPORT_FAILED,Error Occurred while Importing AR Invoices Inbound Process,Used in TSGTCmnARErpOrchestratorIbFwk_Service
TSGT_CMN_AR_ORCHESTRATOR_TIMEOUT_ERROR,Unable to get the AR Job status. Wait time elapsed while getting the status. Either increase wait time or review ESS Job from ERP Schedule Process.,Used in TSGTCmnARErpOrchestratorIbFwk_Service
TSGT_CMN_INTEGRATION_SERVICE_INITIATED,Launcher Service Initiated.,Used in TSGTCmnIntegrationTrigger_Service
TSGT_MINGEN_REPORT_GEN_INITIATED,Report Generation Process Initiated Successfully.,Used in TSGTMingenErpIbInit_Service
TSGT_MINGEN_REPORT_GEN_FAILED,"Report Generation Process Failed, Reason:",Used in TSGTMingenErpIbInit_Service
TSGT_MINGEN_REPORT_GEN_INPROG,Report Generation Process is in Progress.,Used in TSGTMingenErpIbInit_Service
TSGT_MINGEN_PACKAGE_FAILED,Error Occurred while executing Mingen Package,Used in TSGTMingenErpIbReport_Service
TSGT_MINGEN_INVALID_REPORT_TYPE,Invalid Report Type! Valid values are PRE / ACTUAL.,Used in TSGTMingenErpIbReport_Service
TSGT_MINGEN_REPORT_GEN_SUCCESS,Mingen Report generated successfully.,Used in TSGTMingenErpIbReport_Service
TSGT_MINGEN_REPORT_GEN_ERROR,Error occurred while generating Mingen Report. Please connect to the technical team for the actual status,Used in TSGTMingenErpIbReport_Service
TSGT_MINGEN_REPORT_GENERATION_SUCCESS,Mingen Report generated successfully. Please find the report attached in the email.,Used in TSGTMingenCheckRunStatus_Service
TSGT_MINGEN_REPORT_GENERATION_ERROR,Error occurred while generating Mingen Report. Please connect to the technical team for the actual status,Used in TSGTMingenCheckRunStatus_Service
TSGT_MINGEN_INVALID_PERIOD,Invalid Period! Enter a valid Period,Used in TSGTMingenErpIbReport_Service
TSGT_MINGEN_DATA_LOAD_INITIATED,Data Load Process Initiated Successfully.,Used in TSGTMingenErpIbInit_Service
TSGT_PJC_IMPORT_FAILED,Error Occurred while Importing Project Miscellaneous Cost Import Inbound Process,Used in PJC service
TSGT_CMN_ESS_JOB_SUCCESS,ESS Job Import Success,Used in Callback Inbound Service
TSGT_MINGEN_DATA_LOAD_ERROR,Error occurred while Loading Yampa file. Please connect to the technical team for the actual status,Used in TSGTMingenErpIbInit_Service
TSGT_MINGEN_DATA_LOAD_SUCCESS,Yampa file has been loaded.,Used in TSGTMingenErpIbInit_Service
TSGT_MINGEN_DATA_LOAD_INPROG,Data Load Process is in Progress.,
TSGT_LISTPRICEERPUPDATE_DISPATCHER_STATUS,List Price Update to ERP Integration is completed successfully. Details are mentioned below :,Used in EXT002 Extension TSGTListPriceERPUpdateDispatcher_Service
TSGT_LISTPRICEERPUPDATE_DISPATCHER_ERROR,List Price Update to ERP Integration is failed,Used in EXT002 Extension TSGTListPriceERPUpdateDispatcher_Service
TSGT_LEADTIMEERPUPDATE_DISPATCHER_STATUS,Lead Time Update to ERP Integration is completed successfully. Details are mentioned :,Used in EXT001 Extension TSGTLeadTimeERPUpdateDispatcher_Service
TSGT_LEADTIMEERPUPDATE_DISPATCHER_ERROR,Lead Time Update to ERP Integration is failed,Used in EXT001 Extension TSGTLeadTimeERPUpdateDispatcher_Service
TSGT_MINGEN_INVALID_BATCH_MODE,Invalid Batch Mode!! Valid values are LoadOnly/GetReport/LoadAndGenerateReport.,Used in TSGTMingenErpIbInit_Service
TSGT_NO_FILE_FOUND,File Not Found in Object Storage,Used in Object Storage File Download Service
TSGT_FILE_FOUND,File Found in Object Storage,Used in Object Storage File Download Service
TSGT_MINGEN_INVALID_REPORT_SEARCH,No Current Run Status found.,Used in TSGTMingenErpIbInit_Service
TSGT_MINGEN_YAMPA_FILE_LOAD_SUCCESS,Yampa File Loaded Successfully.,Used in TSGTMingenErpMediatorIb_Service
TSGT_MINGEN_YAMPA_FILE_LOAD_ERROR,Error while loading Yampa file. Please connect to the technical team for the actual status.,Used in TSGTMingenErpMediatorIb_Service
TSGT_NO_ITEM_FOR_UPDATE_CODE,NOITEMFORUPDATE,Used in TSGTLeadTimeERPUpdateDispatcher_Service and TSGTListPriceERPUpdateDispatcher_Service
TSGT_LEADTIME_NO_ITEM_FOR_UPDATE_REASON,Unable to get the items for lead time update,Used in EXT001 Extension TSGTLeadTimeERPUpdateDispatcher_Service
TSGT_LEADTIME_NO_ITEM_FOR_UPDATE_DETAILS,Unable to get the items for lead time update. Possible cause : Roles or data access set missing,Used in EXT001 Extension TSGTLeadTimeERPUpdateDispatcher_Service
TSGT_LISTPRICE_NO_ITEM_FOR_UPDATE_REASON,Unable to get the items for list price update,Used in EXT002 Extension TSGTListPriceERPUpdateDispatcher_Service
TSGT_LISTPRICE_NO_ITEM_FOR_UPDATE_DETAILS,Unable to get the items for list price update. Possible cause : Roles or data access set missing,Used in EXT002 Extension TSGTListPriceERPUpdateDispatcher_Service
TSGT_CMN_MOVEFILE_TO_OBJSTORAGE_ERROR,Error occurred while uploading file to object storage.,Used in Utility Service
TSGT_CMN_FILE_NOT_GIVEN,File content not given.,Used in Utility Service
TSGT_FANUMBERUPDATETOWACS_DISPATCHER_STATUS,FA Number Update to WACS is completed. Details are mentioned :,Used in INTE02A - FA Number Update to WACS
TSGT_FANUMBERUPDATETOWACS_DISPATCHER_ERROR,FA Number Update to WACS is failed,Used in INTE02A - FA Number Update to WACS
TSGT_LIST_FILE_ERROR,Unable to List the Files from SFTP. File Name Pattern : %1 and Filepath : %2,Used in Common Launcher Service
TSGT_CMN_UPDATE_LOG_ERROR,Error occurred while updating the log and transactions in VBCS,Used in all Integrations
TSGT_CMN_GENERATE_TRANSACTION_ID_ERROR,Error occurred while generating the Transaction and Instance in VBCS.,Used in Common Launcher Service
TSGT_INVALID_OPERATION,Invalid Operation from the request. Valid operation values: FIND or DELETE,Used in  TSGTCmnObjStrgFile_Service
TSGT_CMN_PURGE_OS_SUCCESS,Object Storage Purge Completed Successfully,Used in TSGTCmnObjStrgPurge_Service
TSGT_CMN_PURGE_OS_ERROR,Error occurred while purging the object storage files,Used in TSGTCmnObjStrgPurge_Service
TSGT_CMN_PURGE_OS_WARNING,No Purge Records Found. Either Purge Flag is not enabled for any of the INTs or Integration Type is Invalid,Used in TSGTCmnObjStrgPurge_Service
TSGT_RETENTION_CHECK,Retention days is NULL or Negative value,Used in TSGTFileRetentionCheck
TSGT_LASTMODIFIED_DATE,LastModifided Date should be in YYYY-MM-DD format,Used in TSGTFileRetentionCheck
TSGT_DATECOMPUTATION,Failed to compute the date. Please validate,Used in TSGTFileRetentionCheck
TSGT_INVALID_INT_TYPE,"Invalid Integration Type. Valid values are ERPIN, ERPOUT, HCMIN, HCMOUT or ALL",Used in TSGTCmnSFTPPurge_Service
TSGT_INVALID_INT_ID,Integration Id cannot be null. Please provide the valid Integration Id,Used in TSGTCmnSFTPPurge_Service
TSGT_INVALID_INPUT,At least one of the Integratiod Ids and File Path should be provided in the input,Used in TSGTCmnSFTPPurge_Service
TSGT_INVALID_RETENTION_DAYS,Retention date value cannot be null. Please provide valid number of days the files need to be retained,Used in TSGTCmnSFTPPurge_Service
TSGT_INVALID_TOEMAIL,Email Id cannot be null. Please provide valid Email Id,Used in TSGTCmnSFTPPurge_Service
TSGT_PURGE_SFTP_VALIDATION_FAILURE,Validation Failed in Common Purge SFTP Files.,Used in TSGTCmnSFTPPurge_Service
TSGT_PURGE_SFTP_ERROR,Error occurred while purging the SFTP files,Used in TSGTCmnSFTPPurge_Service
TSGT_PURGE_SFTP_SUCCESS,SFTP Purge Completed Successfully,Used in TSGTCmnSFTPPurge_Service
TSGT_FILE_DELETE_ERROR,File Found in SFTP but unable to delete it,Used in TSGTCmnSFTPPurge_Service
TSGT_PURGE_SFTP_NO_FILE_TO_PURGE,No valid Files found in SFTP to purge,Used in TSGTCmnSFTPPurge_Service
TSGT_PURGE_SFTP_WARNING,No Purge Records Found. Either Purge Flag is not enabled for any of the INTs or Integration Type is Invalid,Used in TSGTCmnSFTPPurge_Service
TSGT_MINGEN_INVALID_OPERATION,Operation is not valid. It should be either LOCK or UNLOCK,Used in TSGTMINGENERPLOCKCONTROL_SERVICE
TSGT_MINGEN_ALREADY_LOCKED,Already Locked.,Used in TSGTMINGENERPLOCKCONTROL_SERVICE
TSGT_MINGEN_ALREADY_UNLOCKED,Already UnLocked.Releasing Failed,Used in TSGTMINGENERPLOCKCONTROL_SERVICE
TSGT_MINGEN_LOCK_COMPLETED,Successfully Locked.,Used in TSGTMINGENERPLOCKCONTROL_SERVICE
TSGT_MINGEN_UNLOCK_COMPLETED,Successfully UnLocked. Please re-run the Report generation.,Used in TSGTMINGENERPLOCKCONTROL_SERVICE
TSGT_INV_ERP_WACS_RECON_ERROR,ERP WACS Reconciliation Procedure Error,Used in TSGTInvOnHandReconOrchestratorIbFwk_Service
TSGT_INV_ONHAND_RECON_ORCHESTRATION_SUCCESS,ERP WACS On-Hand Reconciliation Completed Successfully,Used in TSGTInvOnHandReconOrchestratorIbFwk_Service
TSGT_INV_ERP_WACS_RECON_STATS_ERROR,ERP WACS Reconciliation Stats Procedure Error,Used in TSGTInvOnHandReconOrchestratorIbFwk_Service
